--
-- PostgreSQL database dump
--

-- Dumped from database version 12.9 (Ubuntu 12.9-2.pgdg20.04+1)
-- Dumped by pg_dump version 12.9 (Ubuntu 12.9-2.pgdg20.04+1)

SET statement_timeout = 0;
SET lock_timeout = 0;
SET idle_in_transaction_session_timeout = 0;
SET client_encoding = 'UTF8';
SET standard_conforming_strings = on;
SELECT pg_catalog.set_config('search_path', '', false);
SET check_function_bodies = false;
SET xmloption = content;
SET client_min_messages = warning;
SET row_security = off;

DROP DATABASE universe;
--
-- Name: universe; Type: DATABASE; Schema: -; Owner: freecodecamp
--

CREATE DATABASE universe WITH TEMPLATE = template0 ENCODING = 'UTF8' LC_COLLATE = 'C.UTF-8' LC_CTYPE = 'C.UTF-8';


ALTER DATABASE universe OWNER TO freecodecamp;

\connect universe

SET statement_timeout = 0;
SET lock_timeout = 0;
SET idle_in_transaction_session_timeout = 0;
SET client_encoding = 'UTF8';
SET standard_conforming_strings = on;
SELECT pg_catalog.set_config('search_path', '', false);
SET check_function_bodies = false;
SET xmloption = content;
SET client_min_messages = warning;
SET row_security = off;

SET default_tablespace = '';

SET default_table_access_method = heap;

--
-- Name: galaxy; Type: TABLE; Schema: public; Owner: freecodecamp
--

CREATE TABLE public.galaxy (
    galaxy_id integer NOT NULL,
    name character varying(30) NOT NULL,
    x integer,
    y integer,
    z integer
);


ALTER TABLE public.galaxy OWNER TO freecodecamp;

--
-- Name: galaxy_galaxy_id_seq; Type: SEQUENCE; Schema: public; Owner: freecodecamp
--

CREATE SEQUENCE public.galaxy_galaxy_id_seq
    AS integer
    START WITH 1
    INCREMENT BY 1
    NO MINVALUE
    NO MAXVALUE
    CACHE 1;


ALTER TABLE public.galaxy_galaxy_id_seq OWNER TO freecodecamp;

--
-- Name: galaxy_galaxy_id_seq; Type: SEQUENCE OWNED BY; Schema: public; Owner: freecodecamp
--

ALTER SEQUENCE public.galaxy_galaxy_id_seq OWNED BY public.galaxy.galaxy_id;


--
-- Name: moon; Type: TABLE; Schema: public; Owner: freecodecamp
--

CREATE TABLE public.moon (
    moon_id integer NOT NULL,
    name character varying(30),
    mass integer,
    radius numeric,
    life boolean,
    planet_id integer NOT NULL
);


ALTER TABLE public.moon OWNER TO freecodecamp;

--
-- Name: moon_moon_id_seq; Type: SEQUENCE; Schema: public; Owner: freecodecamp
--

CREATE SEQUENCE public.moon_moon_id_seq
    AS integer
    START WITH 1
    INCREMENT BY 1
    NO MINVALUE
    NO MAXVALUE
    CACHE 1;


ALTER TABLE public.moon_moon_id_seq OWNER TO freecodecamp;

--
-- Name: moon_moon_id_seq; Type: SEQUENCE OWNED BY; Schema: public; Owner: freecodecamp
--

ALTER SEQUENCE public.moon_moon_id_seq OWNED BY public.moon.moon_id;


--
-- Name: planet; Type: TABLE; Schema: public; Owner: freecodecamp
--

CREATE TABLE public.planet (
    planet_id integer NOT NULL,
    mass integer,
    radius numeric,
    life boolean,
    star_id integer NOT NULL,
    name character varying(30)
);


ALTER TABLE public.planet OWNER TO freecodecamp;

--
-- Name: planet_planet_id_seq; Type: SEQUENCE; Schema: public; Owner: freecodecamp
--

CREATE SEQUENCE public.planet_planet_id_seq
    AS integer
    START WITH 1
    INCREMENT BY 1
    NO MINVALUE
    NO MAXVALUE
    CACHE 1;


ALTER TABLE public.planet_planet_id_seq OWNER TO freecodecamp;

--
-- Name: planet_planet_id_seq; Type: SEQUENCE OWNED BY; Schema: public; Owner: freecodecamp
--

ALTER SEQUENCE public.planet_planet_id_seq OWNED BY public.planet.planet_id;


--
-- Name: star; Type: TABLE; Schema: public; Owner: freecodecamp
--

CREATE TABLE public.star (
    star_id integer NOT NULL,
    mass integer,
    radius numeric,
    name character varying(30),
    galaxy_id integer NOT NULL
);


ALTER TABLE public.star OWNER TO freecodecamp;

--
-- Name: star_star_id_seq; Type: SEQUENCE; Schema: public; Owner: freecodecamp
--

CREATE SEQUENCE public.star_star_id_seq
    AS integer
    START WITH 1
    INCREMENT BY 1
    NO MINVALUE
    NO MAXVALUE
    CACHE 1;


ALTER TABLE public.star_star_id_seq OWNER TO freecodecamp;

--
-- Name: star_star_id_seq; Type: SEQUENCE OWNED BY; Schema: public; Owner: freecodecamp
--

ALTER SEQUENCE public.star_star_id_seq OWNED BY public.star.star_id;


--
-- Name: why; Type: TABLE; Schema: public; Owner: freecodecamp
--

CREATE TABLE public.why (
    why_id integer NOT NULL,
    name character varying(20),
    title text,
    idk boolean NOT NULL
);


ALTER TABLE public.why OWNER TO freecodecamp;

--
-- Name: why_why_id_seq; Type: SEQUENCE; Schema: public; Owner: freecodecamp
--

CREATE SEQUENCE public.why_why_id_seq
    AS integer
    START WITH 1
    INCREMENT BY 1
    NO MINVALUE
    NO MAXVALUE
    CACHE 1;


ALTER TABLE public.why_why_id_seq OWNER TO freecodecamp;

--
-- Name: why_why_id_seq; Type: SEQUENCE OWNED BY; Schema: public; Owner: freecodecamp
--

ALTER SEQUENCE public.why_why_id_seq OWNED BY public.why.why_id;


--
-- Name: galaxy galaxy_id; Type: DEFAULT; Schema: public; Owner: freecodecamp
--

ALTER TABLE ONLY public.galaxy ALTER COLUMN galaxy_id SET DEFAULT nextval('public.galaxy_galaxy_id_seq'::regclass);


--
-- Name: moon moon_id; Type: DEFAULT; Schema: public; Owner: freecodecamp
--

ALTER TABLE ONLY public.moon ALTER COLUMN moon_id SET DEFAULT nextval('public.moon_moon_id_seq'::regclass);


--
-- Name: planet planet_id; Type: DEFAULT; Schema: public; Owner: freecodecamp
--

ALTER TABLE ONLY public.planet ALTER COLUMN planet_id SET DEFAULT nextval('public.planet_planet_id_seq'::regclass);


--
-- Name: star star_id; Type: DEFAULT; Schema: public; Owner: freecodecamp
--

ALTER TABLE ONLY public.star ALTER COLUMN star_id SET DEFAULT nextval('public.star_star_id_seq'::regclass);


--
-- Name: why why_id; Type: DEFAULT; Schema: public; Owner: freecodecamp
--

ALTER TABLE ONLY public.why ALTER COLUMN why_id SET DEFAULT nextval('public.why_why_id_seq'::regclass);


--
-- Data for Name: galaxy; Type: TABLE DATA; Schema: public; Owner: freecodecamp
--

INSERT INTO public.galaxy VALUES (1, 'Andromeda Galaxy', NULL, NULL, NULL);
INSERT INTO public.galaxy VALUES (2, 'Canis Major Dwarf Galaxy', NULL, NULL, NULL);
INSERT INTO public.galaxy VALUES (3, 'Cygnus A.', NULL, NULL, NULL);
INSERT INTO public.galaxy VALUES (4, 'Maffei I', NULL, NULL, NULL);
INSERT INTO public.galaxy VALUES (5, 'Maffei II', NULL, NULL, NULL);
INSERT INTO public.galaxy VALUES (6, 'Magellanic Clouds', NULL, NULL, NULL);
INSERT INTO public.galaxy VALUES (7, 'Milky Way Galaxy', NULL, NULL, NULL);
INSERT INTO public.galaxy VALUES (8, 'Virgo A.', NULL, NULL, NULL);


--
-- Data for Name: moon; Type: TABLE DATA; Schema: public; Owner: freecodecamp
--

INSERT INTO public.moon VALUES (58, 'D8BZOQY', 8707, 1418.7139384341356, false, 313);
INSERT INTO public.moon VALUES (59, 'M1T18', 2474, 518.4653729742923, false, 74);
INSERT INTO public.moon VALUES (60, 'C', 10661, 1668.16250220958, false, 395);
INSERT INTO public.moon VALUES (61, 'SBY4MRIJ', 15798, 2284.976235326543, true, 132);
INSERT INTO public.moon VALUES (62, '80', 4576, 847.9862545875245, false, 91);
INSERT INTO public.moon VALUES (63, '7', 6968, 1187.0978368284443, false, 109);
INSERT INTO public.moon VALUES (64, 'KTOXWQF', 13789, 2049.3975716833143, true, 31);
INSERT INTO public.moon VALUES (65, 'ZR', 11720, 1799.4595530673641, true, 167);
INSERT INTO public.moon VALUES (66, 'XEPFH6', 15192, 2214.582997982436, true, 146);
INSERT INTO public.moon VALUES (67, 'L5AT', 12477, 1891.8562761165495, true, 330);
INSERT INTO public.moon VALUES (68, 'ALPG', 8314, 1367.2502647313247, false, 240);
INSERT INTO public.moon VALUES (69, 'V6578CB', 8609, 1405.9250410460277, true, 68);
INSERT INTO public.moon VALUES (70, 'MXNDWJJ', 9080, 1467.1302741125648, false, 125);
INSERT INTO public.moon VALUES (71, 'GLAWA1O', 2918, 591.6545790548026, false, 43);
INSERT INTO public.moon VALUES (72, '4QSJ3K4', 8971, 1453.0236574694818, true, 48);
INSERT INTO public.moon VALUES (73, '0CQP5', 934, 237.83595006956776, true, 71);
INSERT INTO public.moon VALUES (74, 'F9', 9645, 1539.7201225262058, true, 90);
INSERT INTO public.moon VALUES (75, 'I54KBX', 6120, 1070.0427719104403, true, 366);
INSERT INTO public.moon VALUES (76, 'A2', 8253, 1359.21912314941, true, 195);
INSERT INTO public.moon VALUES (77, 'GEM', 3603, 700.3762485687488, false, 354);
INSERT INTO public.moon VALUES (78, 'TGU7Q4A', 6786, 1162.2273313537942, true, 308);
INSERT INTO public.moon VALUES (79, 'WOQR6N', 4437, 827.3162275717041, false, 118);
INSERT INTO public.moon VALUES (80, 'UOPY', 11091, 1721.775660566077, true, 209);
INSERT INTO public.moon VALUES (81, '4K3E', 12901, 1943.1158762083496, false, 261);
INSERT INTO public.moon VALUES (82, '2T4Q1', 4525, 840.417073686364, false, 201);
INSERT INTO public.moon VALUES (83, 'G', 10293, 1621.9354952281014, false, 117);
INSERT INTO public.moon VALUES (84, 'L2VRY', 14731, 2160.656774333165, true, 378);
INSERT INTO public.moon VALUES (85, 'I5', 8570, 1400.8274955950326, false, 267);
INSERT INTO public.moon VALUES (86, 'I', 2498, 522.4851448618654, false, 180);
INSERT INTO public.moon VALUES (87, 'R8I', 6676, 1147.1311218624967, true, 244);
INSERT INTO public.moon VALUES (88, 'XE', 6906, 1178.64022625276, true, 303);
INSERT INTO public.moon VALUES (89, 'XGV1I8I', 704, 189.69597991743981, true, 251);
INSERT INTO public.moon VALUES (90, '4CV', 6364, 1104.0382926050088, true, 101);
INSERT INTO public.moon VALUES (91, 'I57', 3929, 750.629490862082, false, 40);
INSERT INTO public.moon VALUES (92, '9YAK', 3386, 666.4223642940037, false, 13);
INSERT INTO public.moon VALUES (93, 'H3N32', 12494, 1893.9181292572569, false, 164);
INSERT INTO public.moon VALUES (94, 'YSA', 13688, 2037.3798060058764, false, 134);
INSERT INTO public.moon VALUES (95, 'G19DDU4X', 5980, 1050.4150781455605, false, 126);
INSERT INTO public.moon VALUES (96, 'A', 1704, 384.747381089697, false, 149);
INSERT INTO public.moon VALUES (97, 'H4RHLQN', 3861, 740.2183402065261, true, 24);
INSERT INTO public.moon VALUES (98, 'RTCF6292', 10426, 1638.6800878024876, false, 245);
INSERT INTO public.moon VALUES (99, 'RK6J1O', 8413, 1380.2593924627427, false, 301);
INSERT INTO public.moon VALUES (100, 'BT3', 13510, 2016.1566806816134, true, 117);
INSERT INTO public.moon VALUES (101, 'J38IJFJ', 13766, 2046.6624052932755, true, 345);
INSERT INTO public.moon VALUES (102, '5', 1167, 284.22134142650236, false, 125);
INSERT INTO public.moon VALUES (103, 'YQ0K6SL', 12490, 1893.4330378478742, true, 316);
INSERT INTO public.moon VALUES (104, '7', 4603, 851.9866307121492, false, 331);
INSERT INTO public.moon VALUES (105, 'C2VYDS3Z', 5728, 1014.8512884632579, true, 87);
INSERT INTO public.moon VALUES (106, '6', 8548, 1397.9499110570905, false, 65);
INSERT INTO public.moon VALUES (107, 'A6F9MPVG', 13825, 2053.6768708810605, true, 323);
INSERT INTO public.moon VALUES (108, 'DDNILDD', 11827, 1812.5904080728328, false, 101);
INSERT INTO public.moon VALUES (109, 'EH', 5373, 964.214087654557, true, 308);
INSERT INTO public.moon VALUES (110, '8', 7592, 1271.4080578148244, true, 256);
INSERT INTO public.moon VALUES (111, 'X472KLUM', 10901, 1698.1383566922023, false, 91);
INSERT INTO public.moon VALUES (112, 'A', 13479, 2012.4548176642177, false, 285);
INSERT INTO public.moon VALUES (113, 'HTS34U', 8999, 1456.6506314851315, false, 281);
INSERT INTO public.moon VALUES (114, '433YRM', 6071, 1063.183397948311, true, 92);
INSERT INTO public.moon VALUES (115, '1', 7175, 1215.227319486475, true, 333);
INSERT INTO public.moon VALUES (116, '0CRMZVOV', 10067, 1593.3825435019744, true, 88);
INSERT INTO public.moon VALUES (117, 'F4AYPJ', 900, 230.88409022178243, false, 304);
INSERT INTO public.moon VALUES (118, 'KMHFR', 3816, 733.3084556978972, true, 38);
INSERT INTO public.moon VALUES (119, 'SZO4', 3642, 706.4345854420492, false, 134);
INSERT INTO public.moon VALUES (120, 'QHZW01', 10063, 1592.8760344360176, false, 247);
INSERT INTO public.moon VALUES (121, 'AH', 3479, 681.0257654223614, false, 64);
INSERT INTO public.moon VALUES (122, 'OMDT', 3089, 619.2333337083516, false, 291);
INSERT INTO public.moon VALUES (123, '57SAQ', 321, 101.20547928337294, false, 213);
INSERT INTO public.moon VALUES (124, 'GT2SH', 13938, 2067.0946747305716, false, 243);
INSERT INTO public.moon VALUES (125, 'GD862P', 3263, 646.9841763681222, false, 157);
INSERT INTO public.moon VALUES (126, 'Q6G', 9541, 1526.4237569332142, false, 119);
INSERT INTO public.moon VALUES (127, 'QW1XR', 11131, 1726.7415769780737, false, 325);
INSERT INTO public.moon VALUES (128, 'NGT', 9195, 1481.9767383766737, false, 374);
INSERT INTO public.moon VALUES (129, 'PC', 4061, 770.7373254154915, false, 155);
INSERT INTO public.moon VALUES (130, 'JM', 13551, 2021.0500851528504, false, 287);
INSERT INTO public.moon VALUES (131, '9ZVC', 1715, 386.73306003523993, false, 215);
INSERT INTO public.moon VALUES (132, 'FJNC', 13265, 1986.8533066073392, false, 253);
INSERT INTO public.moon VALUES (133, 'UQS8W', 7098, 1204.782903430428, true, 21);
INSERT INTO public.moon VALUES (134, 'RJNS', 9143, 1475.2681819697298, true, 279);
INSERT INTO public.moon VALUES (135, 'O0', 1868, 414.09644061026216, true, 277);
INSERT INTO public.moon VALUES (136, '99DJ', 14133, 2090.198285480956, false, 165);
INSERT INTO public.moon VALUES (137, 'J', 4297, 806.3661397353186, false, 244);
INSERT INTO public.moon VALUES (138, 'R5IFZ2PB', 13746, 2044.2832567492376, false, 330);
INSERT INTO public.moon VALUES (139, 'B', 10530, 1651.7438442570542, false, 255);
INSERT INTO public.moon VALUES (140, '3', 5089, 923.221608226383, true, 83);
INSERT INTO public.moon VALUES (141, 'FP5P50', 13504, 2015.4403237653514, false, 229);
INSERT INTO public.moon VALUES (142, '0AG8VO', 10894, 1697.2659426379873, true, 343);
INSERT INTO public.moon VALUES (143, 'KHC01', 14495, 2132.92004516865, true, 263);
INSERT INTO public.moon VALUES (144, '0N4HLIZF', 8118, 1341.4028897186743, true, 390);
INSERT INTO public.moon VALUES (145, 'NE5DM084', 3538, 690.2497576984935, true, 84);
INSERT INTO public.moon VALUES (146, 'Z7RJ', 5126, 928.5876032294689, false, 94);
INSERT INTO public.moon VALUES (147, 'LMQ', 4394, 820.8958158845325, false, 187);
INSERT INTO public.moon VALUES (148, 'P', 13077, 1964.2940402933207, false, 43);
INSERT INTO public.moon VALUES (149, 'N', 7822, 1302.1297136330022, true, 34);
INSERT INTO public.moon VALUES (150, '0L8', 9559, 1528.7271169998824, false, 150);
INSERT INTO public.moon VALUES (151, 'CFEAZJ', 5706, 1011.731830815464, false, 308);
INSERT INTO public.moon VALUES (152, 'IA4J', 6251, 1088.3274899818161, true, 305);
INSERT INTO public.moon VALUES (153, 'Z5RP9V', 6513, 1124.6693573216512, false, 284);
INSERT INTO public.moon VALUES (154, 'J4B', 4575, 847.838002002319, false, 115);
INSERT INTO public.moon VALUES (155, 'OD0YX5', 5111, 926.4131366266153, false, 283);
INSERT INTO public.moon VALUES (156, 'ZKA', 409, 122.85098598172421, false, 275);
INSERT INTO public.moon VALUES (157, 'F', 4808, 882.2091690179631, false, 400);
INSERT INTO public.moon VALUES (158, '7SKGG', 5022, 913.4848871407867, true, 82);
INSERT INTO public.moon VALUES (159, 'TQ7YNZW', 8752, 1424.576733886564, true, 393);
INSERT INTO public.moon VALUES (160, 'E7P6ZMU6', 12930, 1946.6094165451898, true, 297);
INSERT INTO public.moon VALUES (161, 'JJEUN9', 11810, 1810.5057902551828, false, 294);
INSERT INTO public.moon VALUES (162, '86', 2411, 507.8760910370618, true, 94);
INSERT INTO public.moon VALUES (163, 'W4WG', 2834, 577.9894039283818, false, 150);
INSERT INTO public.moon VALUES (164, 'JX9', 14618, 2147.387229519394, true, 301);
INSERT INTO public.moon VALUES (165, 'N', 14250, 2104.0298237798283, false, 44);
INSERT INTO public.moon VALUES (166, 'PTXQ7', 6858, 1172.0819681879664, true, 289);
INSERT INTO public.moon VALUES (167, 'WA9M48HC', 15475, 2247.5249736765495, false, 1);
INSERT INTO public.moon VALUES (168, 'VP93F6', 489, 141.72520286099189, true, 128);
INSERT INTO public.moon VALUES (169, '59', 5753, 1018.3932197673619, true, 171);
INSERT INTO public.moon VALUES (170, 'XR3T2', 4089, 774.9856990091836, true, 167);
INSERT INTO public.moon VALUES (171, 'CWY3D490', 5513, 984.2612648528592, false, 223);
INSERT INTO public.moon VALUES (172, 'RACB3K', 460, 134.9603715924656, false, 309);
INSERT INTO public.moon VALUES (173, 'M39N', 4751, 873.8321603046753, false, 14);
INSERT INTO public.moon VALUES (174, 'RV5RQ', 358, 110.4349201041858, false, 106);
INSERT INTO public.moon VALUES (175, 'MM8YD', 7177, 1215.498303391552, true, 35);
INSERT INTO public.moon VALUES (176, 'G4', 8120, 1341.667264164667, false, 6);
INSERT INTO public.moon VALUES (177, 'OE2L', 7813, 1300.930990395763, true, 299);
INSERT INTO public.moon VALUES (178, 'U', 2924, 592.6276285782848, false, 86);
INSERT INTO public.moon VALUES (179, 'H36R7JAH', 7250, 1225.3789208350902, false, 49);
INSERT INTO public.moon VALUES (180, 'P4O3IAF', 58, 25.74793445202917, false, 152);
INSERT INTO public.moon VALUES (181, '440W', 10650, 1666.7853944985713, true, 84);
INSERT INTO public.moon VALUES (182, 'UZD', 8333, 1369.7493577068985, false, 361);
INSERT INTO public.moon VALUES (183, '4ODNEH', 2794, 571.4537953034466, true, 311);
INSERT INTO public.moon VALUES (184, 'C', 14602, 2145.5067009674676, true, 348);
INSERT INTO public.moon VALUES (185, '22WMY9Q', 6899, 1177.6843828468864, false, 286);
INSERT INTO public.moon VALUES (186, 'ZWQN', 8837, 1435.6344920551808, true, 74);
INSERT INTO public.moon VALUES (187, 'YQA9B', 9574, 1530.6459211166004, true, 386);
INSERT INTO public.moon VALUES (188, '4GG1SS', 9616, 1536.0153780671867, false, 297);
INSERT INTO public.moon VALUES (189, '71ERD', 6910, 1179.1863354792679, true, 64);
INSERT INTO public.moon VALUES (190, '6ZJAKP', 431, 128.109641576221, true, 94);
INSERT INTO public.moon VALUES (191, 'F3C9OMW', 13528, 2018.3053698086503, false, 55);
INSERT INTO public.moon VALUES (192, 'G7U', 10633, 1664.6565774010437, true, 109);
INSERT INTO public.moon VALUES (193, 'NFTBC7J7', 9459, 1515.919642560019, true, 356);
INSERT INTO public.moon VALUES (194, 'MG', 11457, 1767.0821115621084, true, 121);
INSERT INTO public.moon VALUES (195, '1QMN', 3823, 734.3843924406334, false, 221);
INSERT INTO public.moon VALUES (196, '8NOW31IV', 824, 215.1502075430349, true, 109);
INSERT INTO public.moon VALUES (197, 'SAC6DJZT', 9213, 1484.2971615111483, true, 210);
INSERT INTO public.moon VALUES (198, '1IP3S', 8470, 1387.7355959883107, true, 211);
INSERT INTO public.moon VALUES (199, 'JQ22KW6', 3177, 633.3062468343907, true, 192);
INSERT INTO public.moon VALUES (200, '5X', 9476, 1518.0988163140146, false, 61);
INSERT INTO public.moon VALUES (201, 'E8TIP5', 14947, 2185.965118477781, true, 125);
INSERT INTO public.moon VALUES (202, 'S', 4427, 825.8242233267752, true, 46);
INSERT INTO public.moon VALUES (203, 'NQV8WH7', 15095, 2203.2637741737485, false, 180);
INSERT INTO public.moon VALUES (204, '0SSSEO', 1044, 259.99224788759045, false, 187);
INSERT INTO public.moon VALUES (205, 'F', 6492, 1121.7673850739795, false, 47);
INSERT INTO public.moon VALUES (206, '21X', 4647, 858.4957271964267, false, 279);
INSERT INTO public.moon VALUES (207, '6I2', 944, 239.8709170236744, false, 228);
INSERT INTO public.moon VALUES (208, 'VF', 5066, 919.882058414261, true, 13);
INSERT INTO public.moon VALUES (209, 'AOUVODY', 2954, 597.4869069272253, false, 400);
INSERT INTO public.moon VALUES (210, '89D2', 7819, 1301.730169885925, true, 235);
INSERT INTO public.moon VALUES (211, '7T', 12424, 1885.424534682743, true, 126);
INSERT INTO public.moon VALUES (212, 'WG9O', 2789, 570.6355331230068, true, 355);
INSERT INTO public.moon VALUES (213, 'QO3JUTQ', 3778, 727.4607447251869, true, 231);
INSERT INTO public.moon VALUES (214, 'HGE868', 11393, 1759.1808060328326, false, 380);
INSERT INTO public.moon VALUES (215, '74', 12383, 1880.4452719686926, false, 222);
INSERT INTO public.moon VALUES (216, 'KE9SE', 8960, 1451.5981556508555, true, 12);
INSERT INTO public.moon VALUES (217, '5GB8BCG', 5465, 977.3995461468169, false, 151);
INSERT INTO public.moon VALUES (218, 'E3OI5NLN', 8102, 1339.2874248584283, false, 106);
INSERT INTO public.moon VALUES (219, '4WS', 12568, 1902.8867304402934, false, 139);
INSERT INTO public.moon VALUES (220, 'XUHNZN2', 14077, 2083.5699655211392, false, 127);
INSERT INTO public.moon VALUES (221, 'CJ', 3509, 685.7198075371377, false, 106);
INSERT INTO public.moon VALUES (222, 'CBM', 5243, 945.5051226945982, true, 216);
INSERT INTO public.moon VALUES (223, 'NJUHW426', 2599, 539.3181344669345, false, 189);
INSERT INTO public.moon VALUES (224, 'LFD8NISB', 635, 174.67026544163343, true, 131);
INSERT INTO public.moon VALUES (225, '74GA', 2716, 558.6551574524076, false, 277);
INSERT INTO public.moon VALUES (226, 'QJX36Q6', 7449, 1252.2134938172346, true, 26);
INSERT INTO public.moon VALUES (227, 'OWNFMUX', 2352, 497.90885949566945, false, 47);
INSERT INTO public.moon VALUES (228, 'T', 10315, 1624.7082503589659, true, 31);
INSERT INTO public.moon VALUES (229, 'BJI', 14808, 2169.687188552392, false, 50);
INSERT INTO public.moon VALUES (230, '7I', 14334, 2113.9461503683538, false, 131);
INSERT INTO public.moon VALUES (231, 'JMARACP2', 13599, 2026.7751882393868, false, 363);
INSERT INTO public.moon VALUES (232, 'F14LR6G', 13181, 1976.7815911269645, true, 289);
INSERT INTO public.moon VALUES (233, 'H62F', 10368, 1631.3832195175912, true, 288);
INSERT INTO public.moon VALUES (234, '1W2RX', 1174, 285.5843980539055, false, 131);
INSERT INTO public.moon VALUES (235, '02NJXJJ', 6016, 1055.4708952160995, false, 93);
INSERT INTO public.moon VALUES (236, 'BXR', 14831, 2172.3827617113434, true, 238);
INSERT INTO public.moon VALUES (237, 'VJOPG0', 8186, 1350.384337881798, true, 322);
INSERT INTO public.moon VALUES (238, 'L0IQ7D', 6807, 1165.1037510833146, true, 132);
INSERT INTO public.moon VALUES (239, 'Z', 12519, 1896.9492473406772, false, 317);
INSERT INTO public.moon VALUES (240, '6NQBBFC', 15653, 2268.182880438035, true, 86);
INSERT INTO public.moon VALUES (241, '9XA57F', 12410, 1883.7246686648878, true, 257);
INSERT INTO public.moon VALUES (242, 'MT', 11203, 1735.6712459726582, false, 389);
INSERT INTO public.moon VALUES (243, 'UBST', 10519, 1650.3633252754305, true, 141);
INSERT INTO public.moon VALUES (244, 'D', 15320, 2229.497615702932, false, 237);
INSERT INTO public.moon VALUES (245, 'PQEWJJ3', 1074, 265.95210071190127, false, 300);
INSERT INTO public.moon VALUES (246, 'OSH', 5778, 1021.9320740639613, false, 295);
INSERT INTO public.moon VALUES (247, 'F48VO', 5090, 923.3667374805608, true, 172);
INSERT INTO public.moon VALUES (248, 'X', 7570, 1268.4597867847035, true, 394);
INSERT INTO public.moon VALUES (249, 'GE', 7459, 1253.5581526751837, true, 257);
INSERT INTO public.moon VALUES (250, '92P', 1728, 389.0764910939368, false, 59);
INSERT INTO public.moon VALUES (251, '62UDEYW', 6972, 1187.6429710221462, true, 228);
INSERT INTO public.moon VALUES (252, 'T', 7083, 1202.7456460809472, true, 32);
INSERT INTO public.moon VALUES (253, 'VRQ', 1931, 425.2318824680285, true, 309);
INSERT INTO public.moon VALUES (254, 'I4MG', 826, 215.56787363478483, false, 217);
INSERT INTO public.moon VALUES (255, 'JMDU2Y', 12271, 1866.8265332140525, false, 258);
INSERT INTO public.moon VALUES (256, 'G12GL093', 13114, 1968.7389948854234, false, 109);
INSERT INTO public.moon VALUES (257, 'TG', 5070, 920.4630671466853, false, 140);
INSERT INTO public.moon VALUES (258, 'YJ', 10157, 1604.7683927224034, false, 244);
INSERT INTO public.moon VALUES (259, 'I2AYL', 15605, 2262.6168570471764, false, 22);
INSERT INTO public.moon VALUES (260, 'WYLUIR', 13101, 1967.1775402535948, false, 181);
INSERT INTO public.moon VALUES (261, 'G66', 9681, 1544.3160180987027, true, 314);
INSERT INTO public.moon VALUES (262, 'OEFOT', 586, 163.8015823553876, false, 84);
INSERT INTO public.moon VALUES (263, 'ZDM52DZF', 9295, 1494.8565381617934, true, 118);
INSERT INTO public.moon VALUES (264, 'V7V', 5355, 961.629062418762, true, 381);
INSERT INTO public.moon VALUES (265, 'T16', 12449, 1888.4590572972104, false, 197);
INSERT INTO public.moon VALUES (266, 'GL3C', 497, 143.57707813781542, false, 247);
INSERT INTO public.moon VALUES (267, 'EUWR53', 1731, 389.616781357764, false, 320);
INSERT INTO public.moon VALUES (268, 'YH0EY0', 11410, 1761.280454163865, false, 186);
INSERT INTO public.moon VALUES (269, 'I7SQ3E5G', 3407, 669.7268442655901, false, 136);
INSERT INTO public.moon VALUES (270, 'W1UI8L', 12066, 1841.8347254648693, false, 328);
INSERT INTO public.moon VALUES (271, '63', 14791, 2167.6942702046736, false, 26);
INSERT INTO public.moon VALUES (272, '7LGAJA', 6371, 1105.009683976612, true, 349);
INSERT INTO public.moon VALUES (273, 'SSVMMCM9', 11512, 1773.8652449543713, true, 270);
INSERT INTO public.moon VALUES (274, '6KDLK8', 12863, 1938.5357550937729, false, 190);
INSERT INTO public.moon VALUES (275, 'BHC', 9552, 1527.831469029743, true, 120);
INSERT INTO public.moon VALUES (276, 'WSU6T6J', 7671, 1281.9809928074096, true, 156);
INSERT INTO public.moon VALUES (277, '5KSG', 12447, 1888.216340369152, true, 126);
INSERT INTO public.moon VALUES (278, 'E5P', 6799, 1164.0081817030239, true, 159);
INSERT INTO public.moon VALUES (279, 'FL', 5524, 985.8320561268572, true, 273);
INSERT INTO public.moon VALUES (280, 'ECI7DV', 1359, 321.0521372629234, false, 212);
INSERT INTO public.moon VALUES (281, 'M6JKFOFR', 1928, 424.7032883871818, false, 91);
INSERT INTO public.moon VALUES (282, 'K', 10407, 1636.2906306964633, true, 54);
INSERT INTO public.moon VALUES (283, 'M', 13380, 2000.621311294336, false, 215);
INSERT INTO public.moon VALUES (284, 'D', 8737, 1422.6231401131058, false, 210);
INSERT INTO public.moon VALUES (285, '0BVCV', 1461, 340.1889264793049, false, 343);
INSERT INTO public.moon VALUES (286, '0TUBW', 14760, 2164.058945040564, false, 36);
INSERT INTO public.moon VALUES (287, 'B', 704, 189.69597991743981, false, 306);
INSERT INTO public.moon VALUES (288, 'DEPH', 1674, 379.31879559415563, true, 1);
INSERT INTO public.moon VALUES (289, 'C', 5442, 974.1073717221682, true, 302);
INSERT INTO public.moon VALUES (290, 'AR', 8688, 1416.2367176154432, false, 38);
INSERT INTO public.moon VALUES (291, 'T1NUF1U', 12840, 1935.7622621020505, false, 159);
INSERT INTO public.moon VALUES (292, 'Y3ZV', 13958, 2069.467236913993, true, 48);
INSERT INTO public.moon VALUES (293, '5UPOCGQ4', 1136, 278.16511588934645, false, 257);
INSERT INTO public.moon VALUES (294, 'JW', 11204, 1735.7951881848235, false, 195);
INSERT INTO public.moon VALUES (295, 'L', 15277, 2224.4900263575582, false, 104);
INSERT INTO public.moon VALUES (296, '5B9ODP', 12930, 1946.6094165451898, true, 85);
INSERT INTO public.moon VALUES (297, '0TB', 4150, 784.2210174074903, false, 184);
INSERT INTO public.moon VALUES (298, '8P5', 13925, 2065.552144204797, false, 398);
INSERT INTO public.moon VALUES (299, 'INRT', 12019, 1836.0929714852455, false, 210);
INSERT INTO public.moon VALUES (300, 'R', 6200, 1081.218210182455, false, 16);
INSERT INTO public.moon VALUES (301, 'ANN4R', 12329, 1873.882183630444, true, 28);
INSERT INTO public.moon VALUES (302, 'THJNC8', 979, 246.9597366989218, true, 45);
INSERT INTO public.moon VALUES (303, 'M26Z4C', 15528, 2253.6808680938975, false, 278);
INSERT INTO public.moon VALUES (304, 'IU98CV', 13636, 2031.1855302210051, true, 15);
INSERT INTO public.moon VALUES (305, '9Y', 15791, 2284.1662319086663, false, 328);
INSERT INTO public.moon VALUES (306, '2PP5UN', 995, 250.18338519354143, false, 103);
INSERT INTO public.moon VALUES (307, 'Y', 14174, 2095.0478317841644, true, 265);
INSERT INTO public.moon VALUES (308, 'P16EO', 9288, 1493.955857448216, false, 386);
INSERT INTO public.moon VALUES (309, '6D52NC', 13488, 2013.5297273357214, true, 318);
INSERT INTO public.moon VALUES (310, 'ZAUF', 3338, 658.8538163246766, true, 127);
INSERT INTO public.moon VALUES (311, '9PF8A', 15769, 2281.620039162892, false, 262);
INSERT INTO public.moon VALUES (312, 'RY', 10842, 1690.7816365975232, true, 135);
INSERT INTO public.moon VALUES (313, 'V3', 439, 130.00846067589956, false, 390);
INSERT INTO public.moon VALUES (314, '8LWQ', 13376, 2000.142822534335, false, 60);
INSERT INTO public.moon VALUES (315, 'AH51HP0J', 2389, 504.16526338309916, true, 19);
INSERT INTO public.moon VALUES (316, 'A3GP', 12558, 1901.6753757706992, true, 191);
INSERT INTO public.moon VALUES (317, '7E', 2247, 480.0455608083786, false, 287);
INSERT INTO public.moon VALUES (318, 'YZS', 12700, 1918.8586170298465, true, 350);
INSERT INTO public.moon VALUES (319, 'UWJ1', 2986, 602.6592721097305, false, 221);
INSERT INTO public.moon VALUES (320, 'TCW8ZTP1', 7661, 1280.6438548066621, false, 309);
INSERT INTO public.moon VALUES (321, 'C', 4904, 896.2731147460015, true, 77);
INSERT INTO public.moon VALUES (322, 'CKWRG', 6639, 1142.04215514923, true, 77);
INSERT INTO public.moon VALUES (323, 'H9IL24IU', 10659, 1667.9121401348434, true, 47);
INSERT INTO public.moon VALUES (324, 'SEZN58', 7542, 1264.7049618941433, true, 220);
INSERT INTO public.moon VALUES (325, 'H9', 4552, 844.426400300693, false, 191);
INSERT INTO public.moon VALUES (326, 'SF1NTA', 5662, 1005.4856851249542, false, 56);
INSERT INTO public.moon VALUES (327, 'ACQ8QZU', 10780, 1683.042212491213, false, 149);
INSERT INTO public.moon VALUES (328, 'LSUWRR78', 3641, 706.2794060934585, false, 227);
INSERT INTO public.moon VALUES (329, 'EE78', 15541, 2255.1901622359883, false, 260);
INSERT INTO public.moon VALUES (330, '5WP2L9', 4658, 860.1210716742703, false, 346);
INSERT INTO public.moon VALUES (331, '7AAWM', 9348, 1501.6715848623144, true, 75);
INSERT INTO public.moon VALUES (332, '0JCM6TN', 9525, 1524.3755960699746, false, 366);
INSERT INTO public.moon VALUES (333, 'N', 3435, 674.1264898635811, false, 110);
INSERT INTO public.moon VALUES (334, 'HJAXB', 2205, 472.8537907795193, true, 268);
INSERT INTO public.moon VALUES (335, 'B4AOZNKG', 8854, 1437.8434856014167, false, 215);
INSERT INTO public.moon VALUES (336, '6WVK', 13825, 2053.6768708810605, false, 153);
INSERT INTO public.moon VALUES (337, 'XMYFD9', 12992, 1954.0731148081027, true, 341);
INSERT INTO public.moon VALUES (338, 'GRLD42', 5856, 1032.9536972190178, false, 56);
INSERT INTO public.moon VALUES (339, '7B9', 15422, 2241.3648611671474, true, 324);
INSERT INTO public.moon VALUES (340, 'MAM', 961, 243.3205055522631, false, 62);
INSERT INTO public.moon VALUES (341, 'RDCZ', 8515, 1393.6307548325967, false, 17);
INSERT INTO public.moon VALUES (342, '8RXYH', 8364, 1373.8243805765235, false, 247);
INSERT INTO public.moon VALUES (343, 'AP', 15623, 2264.704516531573, false, 212);
INSERT INTO public.moon VALUES (344, 'HG', 10940, 1702.9969007439272, false, 208);
INSERT INTO public.moon VALUES (345, 'IB5', 3003, 605.4025776770302, false, 192);
INSERT INTO public.moon VALUES (346, 'E56E', 6395, 1108.338550036209, false, 27);
INSERT INTO public.moon VALUES (347, '450662YW', 12374, 1879.3518220552833, false, 357);
INSERT INTO public.moon VALUES (348, '0BJLJQJ4', 797, 209.4916209364278, true, 273);
INSERT INTO public.moon VALUES (349, 'J1', 14337, 2114.300089574841, false, 362);
INSERT INTO public.moon VALUES (350, 'WKQDMB', 3452, 676.7942021977639, true, 159);
INSERT INTO public.moon VALUES (351, 'KSR', 3192, 635.6972111351638, false, 199);
INSERT INTO public.moon VALUES (352, 'ACZOO6', 8237, 1357.1106316521712, true, 339);
INSERT INTO public.moon VALUES (353, 'VBOLK', 3524, 688.0638161370031, false, 17);
INSERT INTO public.moon VALUES (354, '67BUTA', 4129, 781.0447298296806, true, 92);
INSERT INTO public.moon VALUES (355, 'WW', 13766, 2046.6624052932755, true, 374);
INSERT INTO public.moon VALUES (356, 'V9U14QCC', 8431, 1382.6213901308386, false, 315);
INSERT INTO public.moon VALUES (357, '1', 3447, 676.0098542391006, true, 130);
INSERT INTO public.moon VALUES (358, '7XC', 8761, 1425.7485686852224, false, 94);
INSERT INTO public.moon VALUES (359, '8G9OY', 3268, 647.7771706649208, false, 41);
INSERT INTO public.moon VALUES (360, 'AZ', 8999, 1456.6506314851315, false, 387);
INSERT INTO public.moon VALUES (361, 'VLVIP4B', 1389, 326.7095252722173, false, 77);
INSERT INTO public.moon VALUES (362, 'R2WN1L', 1345, 318.4034959424661, false, 276);
INSERT INTO public.moon VALUES (363, 'JYGO0P7', 14405, 2122.3187458775806, true, 394);
INSERT INTO public.moon VALUES (364, 'QBR', 5296, 953.143698873414, true, 5);
INSERT INTO public.moon VALUES (365, '6EHMHR1', 7655, 1279.8414044625233, true, 163);
INSERT INTO public.moon VALUES (366, 'YAY0V1K', 13772, 2047.3760150154567, false, 201);
INSERT INTO public.moon VALUES (367, 'F5X', 2677, 552.228348091453, true, 166);
INSERT INTO public.moon VALUES (368, 'ZF', 8756, 1425.0975790921073, false, 122);
INSERT INTO public.moon VALUES (369, '6A2VSWLH', 5541, 988.2584129261187, true, 311);
INSERT INTO public.moon VALUES (370, 'J2YUXV', 14718, 2159.131228600506, true, 394);
INSERT INTO public.moon VALUES (371, 'B', 4913, 897.5887719617449, true, 362);
INSERT INTO public.moon VALUES (372, 'AHF3', 10803, 1685.9143252068277, false, 180);
INSERT INTO public.moon VALUES (373, 'FCC3J', 3511, 686.0324576291098, true, 84);
INSERT INTO public.moon VALUES (374, 'Z5WZ2Y7', 11848, 1815.1646970494023, false, 63);
INSERT INTO public.moon VALUES (375, 'Z245BIC', 13073, 1963.8133541098643, false, 238);
INSERT INTO public.moon VALUES (376, 'SA8', 11926, 1824.7183689896292, true, 138);
INSERT INTO public.moon VALUES (377, '4', 12863, 1938.5357550937729, true, 202);
INSERT INTO public.moon VALUES (378, '4WXWHU', 9413, 1510.0191218985722, true, 254);
INSERT INTO public.moon VALUES (379, '3', 12308, 1871.3283198505944, false, 395);
INSERT INTO public.moon VALUES (380, 'CSNF8INU', 10539, 1652.873145260686, false, 158);
INSERT INTO public.moon VALUES (381, '9TR9N', 13972, 2071.1276258814664, false, 203);
INSERT INTO public.moon VALUES (382, 'MCEVG1', 6242, 1087.0737566950538, false, 233);
INSERT INTO public.moon VALUES (383, 'RP94', 15600, 2262.0368661819725, true, 254);
INSERT INTO public.moon VALUES (384, 'YX', 4428, 825.9734540601385, false, 190);
INSERT INTO public.moon VALUES (385, 'U', 14385, 2119.9611049764194, true, 98);
INSERT INTO public.moon VALUES (386, '4', 7241, 1224.1618416613724, true, 96);
INSERT INTO public.moon VALUES (387, 'Z8', 2607, 540.645789301876, false, 56);
INSERT INTO public.moon VALUES (388, 'TMKES19X', 7217, 1220.9148166673817, false, 202);
INSERT INTO public.moon VALUES (389, 'FHBY', 15198, 2215.282680620039, false, 119);
INSERT INTO public.moon VALUES (390, 'XSWP', 3908, 747.4181571665714, false, 181);
INSERT INTO public.moon VALUES (391, 'YVQIJ', 6425, 1112.4961215762655, false, 55);
INSERT INTO public.moon VALUES (392, 'SA0TRT9', 7692, 1284.7878486431825, true, 202);
INSERT INTO public.moon VALUES (393, 'N', 683, 185.15547687299488, false, 151);
INSERT INTO public.moon VALUES (394, '8JD5DQ9', 6279, 1092.2256879430852, false, 122);
INSERT INTO public.moon VALUES (395, 'D', 7278, 1229.163459231381, true, 276);
INSERT INTO public.moon VALUES (396, 'Z', 9400, 1508.3505392018124, false, 156);
INSERT INTO public.moon VALUES (397, 'E1M', 3935, 751.546383626735, true, 284);
INSERT INTO public.moon VALUES (398, '2ZEG0', 8550, 1398.2115708055012, false, 279);
INSERT INTO public.moon VALUES (399, 'A', 7701, 1285.9903175287634, false, 219);
INSERT INTO public.moon VALUES (400, '3', 12125, 1849.0361321380071, false, 146);
INSERT INTO public.moon VALUES (401, 'M', 7346, 1238.3423888274694, true, 46);
INSERT INTO public.moon VALUES (402, 'HZTRV0U', 9735, 1551.2034596709655, true, 305);
INSERT INTO public.moon VALUES (403, 'WDQO', 5468, 977.8287556928532, false, 269);
INSERT INTO public.moon VALUES (404, 'HB0MAE', 2574, 535.1639296511947, true, 263);
INSERT INTO public.moon VALUES (405, '79WY0F6', 4189, 790.1113277677691, false, 118);
INSERT INTO public.moon VALUES (406, 'AX7Z', 3248, 644.6037333044803, true, 243);
INSERT INTO public.moon VALUES (407, '4', 13217, 1981.0996077936777, false, 177);
INSERT INTO public.moon VALUES (408, '3S89VXO7', 14232, 2101.90337756811, true, 267);
INSERT INTO public.moon VALUES (409, 'FRN20J3', 14704, 2157.4880317739894, false, 158);
INSERT INTO public.moon VALUES (410, 'GB8QKWFB', 9302, 1495.7570832262934, false, 109);
INSERT INTO public.moon VALUES (411, 'QPI', 13728, 2042.141431076394, false, 378);
INSERT INTO public.moon VALUES (412, 'ME9I8AU', 2719, 559.1487599362746, false, 296);
INSERT INTO public.moon VALUES (413, '2A', 9509, 1522.3267469947418, true, 350);
INSERT INTO public.moon VALUES (414, 'WJ', 6656, 1144.381031526797, true, 139);
INSERT INTO public.moon VALUES (415, 'TZWUBBQ', 4848, 888.0759087802147, true, 44);
INSERT INTO public.moon VALUES (416, '4CS9', 9281, 1493.0550409628722, false, 322);
INSERT INTO public.moon VALUES (417, 'EV6FPY1G', 11434, 1764.2435985684424, false, 263);
INSERT INTO public.moon VALUES (418, 'WR4AUVT', 2375, 501.8002705920456, true, 53);
INSERT INTO public.moon VALUES (419, '3', 8526, 1395.0708449273643, false, 100);
INSERT INTO public.moon VALUES (420, '1WHGT', 9362, 1503.4704941913778, false, 259);
INSERT INTO public.moon VALUES (421, 'RGL4EQ', 4651, 859.0868504886032, true, 275);
INSERT INTO public.moon VALUES (422, 'AR9HM', 10953, 1704.6156451817433, true, 3);
INSERT INTO public.moon VALUES (423, 'BG9', 4380, 818.8027420914931, true, 338);
INSERT INTO public.moon VALUES (424, 'GJFTA', 3692, 714.1827460919064, false, 130);
INSERT INTO public.moon VALUES (425, 'ZR', 3848, 738.223813854312, false, 73);
INSERT INTO public.moon VALUES (426, '8', 14943, 2185.497113152546, true, 259);
INSERT INTO public.moon VALUES (427, 'Q6CVA5', 5081, 922.060368744619, true, 41);
INSERT INTO public.moon VALUES (428, 'BGY', 11455, 1766.835329617666, true, 351);
INSERT INTO public.moon VALUES (429, 'IP', 1296, 309.0893215187353, true, 70);
INSERT INTO public.moon VALUES (430, '9QE', 13655, 2033.4493700978262, false, 376);
INSERT INTO public.moon VALUES (431, '5D', 14443, 2126.7964611156804, false, 275);
INSERT INTO public.moon VALUES (432, 'CET', 14142, 2091.2630607969327, true, 317);
INSERT INTO public.moon VALUES (433, '167XU2Y', 7856, 1306.6557376361357, false, 378);
INSERT INTO public.moon VALUES (434, 'PK453YM', 14418, 2123.8508613753925, false, 226);
INSERT INTO public.moon VALUES (435, 'K', 4930, 900.0725882016613, false, 220);
INSERT INTO public.moon VALUES (436, 'UQRUZKWO', 14506, 2134.2148552707895, false, 110);
INSERT INTO public.moon VALUES (437, 'Q6C', 12539, 1899.3732702045959, false, 259);
INSERT INTO public.moon VALUES (438, 'K7WIT', 13753, 2045.116037440373, true, 261);
INSERT INTO public.moon VALUES (439, '48R9K', 12195, 1857.571091466846, true, 129);
INSERT INTO public.moon VALUES (440, '74', 9740, 1551.8407986764375, false, 309);
INSERT INTO public.moon VALUES (441, 'FUQ9YY16', 5640, 1002.3589746242027, false, 177);
INSERT INTO public.moon VALUES (442, '7NRWQA', 4152, 784.5233531109726, true, 314);
INSERT INTO public.moon VALUES (443, 'MJRD0L', 5429, 972.2453469086832, true, 263);
INSERT INTO public.moon VALUES (444, '154BI0MI', 12406, 1883.238922229989, false, 350);
INSERT INTO public.moon VALUES (445, 'X3J', 6217, 1083.5892650496037, true, 68);
INSERT INTO public.moon VALUES (446, 'CFNZBB7', 7648, 1278.9050533860197, false, 369);
INSERT INTO public.moon VALUES (447, '3BOL4H', 12413, 1884.0889579417562, true, 160);
INSERT INTO public.moon VALUES (448, 'L', 10168, 1606.1586096283736, true, 384);
INSERT INTO public.moon VALUES (449, 'H8P', 216, 73.71621039885191, false, 394);
INSERT INTO public.moon VALUES (450, '0', 5696, 1010.3131006852111, true, 396);
INSERT INTO public.moon VALUES (451, 'MH59YAED', 12728, 1922.2423150555633, false, 180);
INSERT INTO public.moon VALUES (452, 'VKA3', 11987, 1832.1811229123784, true, 61);
INSERT INTO public.moon VALUES (453, '3F4GF', 13204, 1979.5405956702655, true, 103);
INSERT INTO public.moon VALUES (454, 'J8ROJNK7', 10608, 1661.524726869351, true, 80);
INSERT INTO public.moon VALUES (455, 'XEXDC', 15044, 2197.306597994144, true, 164);
INSERT INTO public.moon VALUES (456, '1RM', 3924, 749.8651996289306, false, 70);
INSERT INTO public.moon VALUES (457, 'JI', 5713, 1012.7246460165754, false, 76);
INSERT INTO public.moon VALUES (458, 'WL', 13128, 1970.4202152444009, true, 348);
INSERT INTO public.moon VALUES (459, 'COXQ', 8862, 1438.8827183941514, false, 399);
INSERT INTO public.moon VALUES (460, 'R4T1ZWKT', 15361, 2234.269676540607, false, 308);
INSERT INTO public.moon VALUES (461, 'U', 5788, 1023.3467578027389, true, 299);
INSERT INTO public.moon VALUES (462, 'J7CX', 1523, 351.6899214199015, false, 258);
INSERT INTO public.moon VALUES (463, '69JUSKD', 12665, 1914.6268954105756, false, 337);
INSERT INTO public.moon VALUES (464, 'NF', 2804, 573.0894418564102, true, 325);
INSERT INTO public.moon VALUES (465, 'DFGLRUA', 13496, 2014.4850821775829, false, 59);
INSERT INTO public.moon VALUES (466, 'G179', 7344, 1238.0726635658873, true, 136);
INSERT INTO public.moon VALUES (467, '1TU', 4003, 761.9184181761481, true, 272);
INSERT INTO public.moon VALUES (468, 'J', 9628, 1537.5486464111784, false, 9);
INSERT INTO public.moon VALUES (469, '84HV4HC0', 15411, 2240.085817072481, false, 162);
INSERT INTO public.moon VALUES (470, 'MRBF', 8405, 1379.2092913772326, true, 363);
INSERT INTO public.moon VALUES (471, 'OAC2', 6128, 1071.1616246896538, false, 339);
INSERT INTO public.moon VALUES (472, 'MZA1ZHOD', 15323, 2229.8468774199896, false, 147);
INSERT INTO public.moon VALUES (473, 'APY932', 3557, 693.2136282500051, true, 72);
INSERT INTO public.moon VALUES (474, 'HLD54E4L', 1915, 422.4108088895458, false, 231);
INSERT INTO public.moon VALUES (475, 'OS', 2407, 507.2019005344264, true, 30);
INSERT INTO public.moon VALUES (476, '07JHQ', 3712, 717.2761229096218, true, 32);
INSERT INTO public.moon VALUES (477, 'ZS0288N', 14479, 2131.0363341293655, true, 383);
INSERT INTO public.moon VALUES (478, 'G2LHCGXT', 7297, 1231.729880252864, false, 215);
INSERT INTO public.moon VALUES (479, 'FK', 9636, 1538.5706129636822, true, 287);
INSERT INTO public.moon VALUES (480, 'B32J4', 7939, 1317.6881537047714, true, 264);
INSERT INTO public.moon VALUES (481, 'U', 7192, 1217.5302016362707, true, 370);
INSERT INTO public.moon VALUES (482, 'PPUUF', 13267, 1987.0929536004294, true, 199);
INSERT INTO public.moon VALUES (483, 'XFSC8', 6889, 1176.3185557003035, false, 109);
INSERT INTO public.moon VALUES (484, '1XWFY2N', 10359, 1630.2502161274253, true, 343);
INSERT INTO public.moon VALUES (485, 'NGQWFMT', 20, 10.98560543306118, true, 60);
INSERT INTO public.moon VALUES (486, 'X074D6IO', 10040, 1589.962825252442, true, 238);
INSERT INTO public.moon VALUES (487, 'PRVDND', 1797, 401.45647013995506, false, 371);
INSERT INTO public.moon VALUES (488, 'I0WR', 3229, 641.5853460581973, false, 146);
INSERT INTO public.moon VALUES (489, 'YO6UGCAU', 7869, 1308.3852402371126, true, 354);
INSERT INTO public.moon VALUES (490, 'FBR77Z7', 2282, 486.0181769523528, false, 200);
INSERT INTO public.moon VALUES (491, 'JTCDGP8Q', 7735, 1290.5304448634522, false, 309);
INSERT INTO public.moon VALUES (492, 'FU', 8437, 1383.4084984819724, true, 193);
INSERT INTO public.moon VALUES (493, 'PXRD3', 1175, 285.7789875466348, false, 76);
INSERT INTO public.moon VALUES (494, '3FEFME', 5065, 919.7367918974344, true, 127);
INSERT INTO public.moon VALUES (495, '4MROPUB', 6726, 1153.9991538553452, true, 358);
INSERT INTO public.moon VALUES (496, 'ELMT51', 14734, 2161.008785103759, false, 75);
INSERT INTO public.moon VALUES (497, 'NUVQBD7', 11111, 1724.2590657092824, false, 80);
INSERT INTO public.moon VALUES (498, '6ER', 4618, 854.2070331053139, false, 289);
INSERT INTO public.moon VALUES (499, '1WTG1', 15285, 2225.4218841044703, true, 42);
INSERT INTO public.moon VALUES (500, 'B', 7192, 1217.5302016362707, true, 92);
INSERT INTO public.moon VALUES (501, 'HJCB09', 7310, 1233.4850824195423, false, 211);
INSERT INTO public.moon VALUES (502, 'X5VH', 10821, 1688.1612125442086, false, 31);
INSERT INTO public.moon VALUES (503, '659ZCODN', 13848, 2056.409700685771, false, 54);
INSERT INTO public.moon VALUES (504, '098O', 9964, 1580.3270544786353, false, 86);
INSERT INTO public.moon VALUES (505, 'XV4', 7794, 1298.3994449581944, true, 344);
INSERT INTO public.moon VALUES (506, 'ZKR7', 7667, 1281.446179466803, true, 134);
INSERT INTO public.moon VALUES (507, 'AMQS8WE', 9127, 1473.202477103309, true, 339);
INSERT INTO public.moon VALUES (508, 'RMWGPQN', 850, 220.56425968817027, false, 351);
INSERT INTO public.moon VALUES (509, 'OAX', 555, 156.83189371028638, true, 314);
INSERT INTO public.moon VALUES (510, '85TI8', 6078, 1064.1639844835167, false, 375);
INSERT INTO public.moon VALUES (511, 'P9B', 5654, 1004.3489811098104, true, 398);
INSERT INTO public.moon VALUES (512, 'EON', 10468, 1643.9589585519145, true, 308);
INSERT INTO public.moon VALUES (513, 'XVPGU2A', 1303, 310.42417284170665, false, 179);
INSERT INTO public.moon VALUES (514, 'U', 15015, 2193.9173831918397, false, 6);
INSERT INTO public.moon VALUES (515, 'P57UZUYP', 15402, 2239.039190636053, true, 219);
INSERT INTO public.moon VALUES (516, '3VM4', 14042, 2079.4245880478625, true, 277);
INSERT INTO public.moon VALUES (517, 'Y2M3EQVO', 4964, 905.0350905707888, true, 29);
INSERT INTO public.moon VALUES (518, 'YAH181VH', 13272, 1987.6920394755575, false, 224);
INSERT INTO public.moon VALUES (519, 'X', 967, 244.53508519804743, false, 25);
INSERT INTO public.moon VALUES (520, 'H', 6329, 1099.1781243263758, false, 332);
INSERT INTO public.moon VALUES (521, '0TQ7', 2052, 446.41819294088145, false, 257);
INSERT INTO public.moon VALUES (522, 'KMC6FX', 10878, 1695.2714322020063, true, 390);
INSERT INTO public.moon VALUES (523, 'GA', 6493, 1121.9056167569015, false, 93);
INSERT INTO public.moon VALUES (524, 'J', 15335, 2231.243787563221, false, 31);
INSERT INTO public.moon VALUES (525, 'HIY6K', 1092, 269.51200236751527, false, 12);
INSERT INTO public.moon VALUES (526, 'PCNV', 5600, 996.6677865837264, true, 217);
INSERT INTO public.moon VALUES (527, 'D', 12154, 1852.5732363041784, true, 342);
INSERT INTO public.moon VALUES (528, '9EBJSX9W', 4449, 829.105745287144, true, 2);
INSERT INTO public.moon VALUES (529, 'LAV', 4066, 771.4963921252694, true, 63);
INSERT INTO public.moon VALUES (530, '1LHJIVB', 11959, 1828.7565418906536, false, 208);
INSERT INTO public.moon VALUES (531, 'G', 5050, 917.5571050381685, false, 121);
INSERT INTO public.moon VALUES (532, '5ZZRX', 7329, 1236.0492554862901, false, 285);
INSERT INTO public.moon VALUES (533, 'UY6DNDPY', 11362, 1755.3504217717227, false, 65);
INSERT INTO public.moon VALUES (534, 'ZU2', 14640, 2149.9722842932915, false, 261);
INSERT INTO public.moon VALUES (535, '7T4Y', 11886, 1819.8206163010395, true, 105);
INSERT INTO public.moon VALUES (536, 'ZS7PF', 5394, 967.2277625775791, false, 331);
INSERT INTO public.moon VALUES (537, 'GVX2WHH', 15092, 2202.913463596905, false, 269);
INSERT INTO public.moon VALUES (538, 'N1H7PZB', 14964, 2187.953861764101, true, 68);
INSERT INTO public.moon VALUES (539, 'XRH', 10168, 1606.1586096283736, false, 142);
INSERT INTO public.moon VALUES (540, '1CXIME', 9390, 1507.0666999930063, false, 161);
INSERT INTO public.moon VALUES (541, '3E3L9', 4464, 831.3412856375519, true, 137);
INSERT INTO public.moon VALUES (542, 'DMTQVI', 10305, 1623.4480538911005, true, 306);
INSERT INTO public.moon VALUES (543, 'I', 11912, 1823.0045298186574, true, 147);
INSERT INTO public.moon VALUES (544, '0QD', 8443, 1384.1954948901239, true, 142);
INSERT INTO public.moon VALUES (545, '1R', 15544, 2255.538425019373, false, 303);
INSERT INTO public.moon VALUES (546, 'QER02', 3177, 633.3062468343907, false, 234);
INSERT INTO public.moon VALUES (547, 'HG', 10729, 1676.669237474345, false, 235);
INSERT INTO public.moon VALUES (548, 'D6I92Q0D', 590, 164.69545308054026, false, 41);
INSERT INTO public.moon VALUES (549, '4L', 1603, 366.392704787628, false, 133);
INSERT INTO public.moon VALUES (550, 'SWT5C', 4505, 837.444117444813, true, 286);
INSERT INTO public.moon VALUES (551, 'N96Q', 1683, 380.94939902656404, true, 144);
INSERT INTO public.moon VALUES (552, 'KDQ', 7436, 1250.4648974013098, true, 168);
INSERT INTO public.moon VALUES (553, 'WJG', 10348, 1628.8651668039593, false, 56);
INSERT INTO public.moon VALUES (554, 'SW6OFLS', 7469, 1254.9024510346628, false, 206);
INSERT INTO public.moon VALUES (555, 'R', 7405, 1246.2926973629226, true, 136);
INSERT INTO public.moon VALUES (556, 'J4I', 13703, 2039.165741105938, true, 329);
INSERT INTO public.moon VALUES (557, '1NJ', 14123, 2089.0150427315148, false, 33);
INSERT INTO public.moon VALUES (558, 'S683', 12953, 1949.379041179693, false, 349);
INSERT INTO public.moon VALUES (559, 'LY2', 5533, 987.1167836999903, true, 24);
INSERT INTO public.moon VALUES (560, 'U5A7D9Y5', 5666, 1006.053916659384, true, 226);
INSERT INTO public.moon VALUES (561, 'KCMM1YNE', 3683, 712.789633824588, true, 388);
INSERT INTO public.moon VALUES (562, '6L2IKLN', 3545, 691.3420794823436, true, 340);
INSERT INTO public.moon VALUES (563, 'H1V8S92', 932, 237.42843499939767, false, 285);
INSERT INTO public.moon VALUES (564, 'BSEPGPFI', 12184, 1856.2305338106307, true, 117);
INSERT INTO public.moon VALUES (565, 'LITMZHJ', 3848, 738.223813854312, true, 385);
INSERT INTO public.moon VALUES (566, 'WKXTRA', 3844, 737.6098424745011, false, 70);
INSERT INTO public.moon VALUES (567, '1TKKX', 5932, 1043.664506224593, false, 383);
INSERT INTO public.moon VALUES (568, 'INJSOU', 12109, 1847.0839022578803, true, 2);
INSERT INTO public.moon VALUES (569, 'NCK', 6623, 1139.8397653374495, false, 396);
INSERT INTO public.moon VALUES (570, '1I1RRNBU', 11204, 1735.7951881848235, true, 105);
INSERT INTO public.moon VALUES (571, 'HFG377', 2887, 586.620758491183, false, 58);
INSERT INTO public.moon VALUES (572, 'VN11IZZE', 6832, 1168.5257474751706, false, 36);
INSERT INTO public.moon VALUES (573, '39ATTFS', 1519, 350.9507857429006, true, 193);
INSERT INTO public.moon VALUES (574, 'SI1OKI', 7451, 1252.482454456557, true, 158);
INSERT INTO public.moon VALUES (575, 'QB5N0O', 383, 116.56254446934618, false, 369);
INSERT INTO public.moon VALUES (576, 'DZIRLFJ', 8353, 1372.3787510488603, true, 38);
INSERT INTO public.moon VALUES (577, '6V7', 2116, 457.5225780297462, false, 19);
INSERT INTO public.moon VALUES (578, 'HTNK', 6556, 1130.6056616630242, true, 26);
INSERT INTO public.moon VALUES (579, 'WNF2', 11869, 1817.738073626936, false, 350);
INSERT INTO public.moon VALUES (580, 'EKY2B2', 477, 138.93597183293238, true, 314);
INSERT INTO public.moon VALUES (581, 'XIHF6', 961, 243.3205055522631, false, 4);
INSERT INTO public.moon VALUES (582, '3', 7506, 1259.8732299788317, false, 290);
INSERT INTO public.moon VALUES (583, 'F97', 5071, 920.608305002857, true, 24);
INSERT INTO public.moon VALUES (584, 'LL09WVL2', 4685, 864.1073041736942, true, 158);
INSERT INTO public.moon VALUES (585, 'KC', 2456, 515.4454258506229, true, 345);
INSERT INTO public.moon VALUES (586, '6V2AG', 10556, 1655.0057433356271, false, 181);
INSERT INTO public.moon VALUES (587, '7BRQ', 7201, 1218.7489337002926, false, 98);
INSERT INTO public.moon VALUES (588, 'EWH5ZS', 7654, 1279.7076505109244, true, 286);
INSERT INTO public.moon VALUES (589, 'BIJJ5K1', 1425, 333.46625444438064, false, 233);
INSERT INTO public.moon VALUES (590, '8', 4396, 821.1947174624252, false, 319);
INSERT INTO public.moon VALUES (591, '0KZ', 12781, 1928.64310011905, true, 388);
INSERT INTO public.moon VALUES (592, 'M9P', 5864, 1034.082454224897, true, 192);
INSERT INTO public.moon VALUES (593, '3SY3', 6638, 1141.9045369105545, false, 118);
INSERT INTO public.moon VALUES (594, 'U6VL7NA', 4112, 778.4710827139064, true, 43);
INSERT INTO public.moon VALUES (595, 'XMXY7KPK', 12407, 1883.3603617748965, true, 355);
INSERT INTO public.moon VALUES (596, 'DM01ZPQS', 10867, 1693.8998659412791, false, 191);
INSERT INTO public.moon VALUES (597, 'S', 7733, 1290.263489193503, false, 108);
INSERT INTO public.moon VALUES (598, 'XU', 11768, 1805.3529825095675, true, 6);
INSERT INTO public.moon VALUES (599, 'C2ETYS', 13851, 2056.76608979408, true, 173);
INSERT INTO public.moon VALUES (600, 'XI', 237, 79.39600982587284, false, 205);
INSERT INTO public.moon VALUES (601, 'WJ', 9562, 1529.110925970376, false, 246);
INSERT INTO public.moon VALUES (602, '5ILS4', 6190, 1079.8228647465505, false, 204);
INSERT INTO public.moon VALUES (603, 'R4JTPJSZ', 6434, 1113.7426353014189, false, 375);
INSERT INTO public.moon VALUES (604, 'FQZ', 1415, 331.5928457410999, false, 152);
INSERT INTO public.moon VALUES (605, 'WVPC1C9', 10014, 1586.6680244644772, false, 270);
INSERT INTO public.moon VALUES (606, 'KDIH', 7043, 1197.3087344233975, false, 159);
INSERT INTO public.moon VALUES (607, 'YPTSN', 920, 234.97965502495032, true, 27);
INSERT INTO public.moon VALUES (608, 'CNISSZ', 13950, 2068.5182936842034, true, 272);
INSERT INTO public.moon VALUES (609, 'REL9U4', 3173, 632.6682753912379, true, 248);
INSERT INTO public.moon VALUES (610, 'WD7UF', 2776, 568.5066765661754, false, 174);
INSERT INTO public.moon VALUES (611, 'ZSQGH2', 8133, 1343.3853807986072, true, 26);
INSERT INTO public.moon VALUES (612, 'UQ7JJ', 13073, 1963.8133541098643, false, 194);
INSERT INTO public.moon VALUES (613, 'F4YYCMS', 11880, 1819.0856693051421, false, 136);
INSERT INTO public.moon VALUES (614, 'L69SI', 8520, 1394.285387335324, true, 113);
INSERT INTO public.moon VALUES (615, 'O79', 9126, 1473.0733465132832, true, 133);
INSERT INTO public.moon VALUES (616, '058Z2V2', 1908, 421.1751083827954, false, 193);
INSERT INTO public.moon VALUES (617, '9T', 4128, 780.8933975656482, true, 251);
INSERT INTO public.moon VALUES (618, 'AWKKMQ', 9022, 1459.628243259401, false, 386);
INSERT INTO public.moon VALUES (619, 'MQ3VAB', 6204, 1081.7762222971203, false, 183);
INSERT INTO public.moon VALUES (620, 'TM9IWW2', 14350, 2115.8336550235795, true, 310);
INSERT INTO public.moon VALUES (621, 'AUR1W', 5650, 1003.7805084927471, true, 94);
INSERT INTO public.moon VALUES (622, '41T', 5488, 980.688950639211, true, 136);
INSERT INTO public.moon VALUES (623, 'FV', 13815, 2052.4884004510086, true, 320);
INSERT INTO public.moon VALUES (624, 'BX758LP', 14754, 2163.3551574213043, false, 97);
INSERT INTO public.moon VALUES (625, 'T2O1L', 6454, 1116.5114182909847, true, 301);
INSERT INTO public.moon VALUES (626, 'F59R', 1114, 273.8471040953925, false, 188);
INSERT INTO public.moon VALUES (627, 'AMKC', 6365, 1104.177075879115, false, 313);
INSERT INTO public.moon VALUES (628, 'LO', 4041, 767.699186414178, false, 363);
INSERT INTO public.moon VALUES (629, 'INYV3H1T', 3374, 664.5322505168261, false, 353);
INSERT INTO public.moon VALUES (630, '7BF', 11217, 1737.40623569678, true, 344);
INSERT INTO public.moon VALUES (631, 'J', 15080, 2201.512081983483, true, 25);
INSERT INTO public.moon VALUES (632, 'YEJL', 13594, 2026.179012132769, true, 198);
INSERT INTO public.moon VALUES (633, 'TQ0', 1963, 430.86006207438726, true, 286);
INSERT INTO public.moon VALUES (634, 'DJ', 3421, 671.9275673163256, false, 330);
INSERT INTO public.moon VALUES (635, 'L610', 478, 139.1689393284324, true, 283);
INSERT INTO public.moon VALUES (636, 'L2BXN', 14635, 2149.3848401068594, true, 314);
INSERT INTO public.moon VALUES (637, 'QOZLP', 2011, 439.26809077436906, true, 122);
INSERT INTO public.moon VALUES (638, '7PNCS59Q', 11870, 1817.8605926434757, true, 94);
INSERT INTO public.moon VALUES (639, 'BPBK3', 1016, 254.39874607688103, true, 191);
INSERT INTO public.moon VALUES (640, 'DXPYX', 3304, 653.479594551327, true, 250);
INSERT INTO public.moon VALUES (641, 'TTGJC8F1', 3479, 681.0257654223614, true, 237);
INSERT INTO public.moon VALUES (642, 'ZU', 8476, 1388.5219784123396, false, 207);
INSERT INTO public.moon VALUES (643, 'CYGO2JFM', 3573, 695.7070638182506, true, 356);
INSERT INTO public.moon VALUES (644, 'SF', 14146, 2091.7362507654393, false, 16);
INSERT INTO public.moon VALUES (645, 'QD7VBON', 14394, 2121.0221244562576, true, 300);
INSERT INTO public.moon VALUES (646, 'RKDFOU8', 8721, 1420.5385672226248, false, 76);
INSERT INTO public.moon VALUES (647, '8', 6436, 1114.0195909791485, false, 324);
INSERT INTO public.moon VALUES (648, '6J6CM', 14857, 2175.428924854835, false, 3);
INSERT INTO public.moon VALUES (649, 'SJ', 2033, 443.1083182602222, true, 26);
INSERT INTO public.moon VALUES (650, 'Y0', 7018, 1193.9075294295303, true, 272);
INSERT INTO public.moon VALUES (651, 'AVTP', 8526, 1395.0708449273643, true, 243);
INSERT INTO public.moon VALUES (652, '54510F', 2438, 512.4210488048448, false, 347);
INSERT INTO public.moon VALUES (653, 'K34LQJ0', 5460, 976.68409216515, false, 241);
INSERT INTO public.moon VALUES (654, '65O', 1962, 430.6844606416378, true, 398);
INSERT INTO public.moon VALUES (655, 'W7PLCCGJ', 13968, 2070.653263001115, true, 262);
INSERT INTO public.moon VALUES (656, 'QVRD009', 13940, 2067.331961574039, true, 154);
INSERT INTO public.moon VALUES (657, '6', 4446, 828.6584564576336, false, 332);
INSERT INTO public.moon VALUES (658, 'E9N', 15162, 2211.083755229341, false, 386);
INSERT INTO public.moon VALUES (659, 'MA4MO19', 7149, 1211.7031520914052, true, 312);
INSERT INTO public.moon VALUES (660, 'MSN0', 12645, 1912.207718863112, false, 89);
INSERT INTO public.moon VALUES (661, '3DYXSY', 4363, 816.2593525711872, true, 30);
INSERT INTO public.moon VALUES (662, 'OLA2', 5606, 997.5219817664303, true, 116);
INSERT INTO public.moon VALUES (663, 'PUN8SA', 11827, 1812.5904080728328, true, 13);
INSERT INTO public.moon VALUES (664, 'JVT', 7381, 1243.0602077856363, true, 233);
INSERT INTO public.moon VALUES (665, 'PRLR99E', 13989, 2073.1433652319643, false, 70);
INSERT INTO public.moon VALUES (666, 'LR', 10574, 1657.2630398160293, true, 187);
INSERT INTO public.moon VALUES (667, 'NY2E', 6882, 1175.3622407726598, true, 119);
INSERT INTO public.moon VALUES (668, 'DXQR6S', 13068, 1963.2124550124522, false, 76);
INSERT INTO public.moon VALUES (669, 'AJ', 8088, 1337.4357076395243, true, 144);
INSERT INTO public.moon VALUES (670, '30DI', 14514, 2135.156412002689, true, 341);
INSERT INTO public.moon VALUES (671, 'Q4CFLO', 4968, 905.6184666779144, true, 307);
INSERT INTO public.moon VALUES (672, 'BHV0ITB', 15492, 2249.4999645174844, false, 104);
INSERT INTO public.moon VALUES (673, 'RJT0TQ', 14148, 2091.972835714276, false, 152);
INSERT INTO public.moon VALUES (674, 'A94', 13370, 1999.4250357312387, true, 201);
INSERT INTO public.moon VALUES (675, '0IYSM', 4895, 894.956974532884, false, 160);
INSERT INTO public.moon VALUES (676, 'T1', 6490, 1121.49090893158, false, 213);
INSERT INTO public.moon VALUES (677, '39O', 12322, 1873.0309924418902, true, 315);
INSERT INTO public.moon VALUES (678, 'ER', 11576, 1781.7501929048733, false, 145);
INSERT INTO public.moon VALUES (679, 'NPYIRFGL', 8772, 1427.1804843215828, true, 162);
INSERT INTO public.moon VALUES (680, '0HCI', 11620, 1787.1660363914125, true, 196);
INSERT INTO public.moon VALUES (681, 'EHFXK8', 15562, 2257.62771953146, true, 373);
INSERT INTO public.moon VALUES (682, 'PLWGZS6', 1297, 309.2801026788537, false, 317);
INSERT INTO public.moon VALUES (683, 'SY6', 13742, 2043.8073439889204, false, 329);
INSERT INTO public.moon VALUES (684, 'AUM', 2268, 483.6313446490454, true, 26);
INSERT INTO public.moon VALUES (685, 'MR', 6239, 1086.6557652769861, true, 75);
INSERT INTO public.moon VALUES (686, '8', 14760, 2164.058945040564, true, 14);
INSERT INTO public.moon VALUES (687, 'DDUNBH5', 4838, 886.6101344500688, true, 325);
INSERT INTO public.moon VALUES (688, 'HLD99W1', 2777, 568.670505442305, false, 248);
INSERT INTO public.moon VALUES (689, 'T0YAG8TM', 6499, 1122.7349174681108, true, 260);
INSERT INTO public.moon VALUES (690, '05WNT', 8805, 1431.474078927685, false, 234);
INSERT INTO public.moon VALUES (691, 'F6JB', 4908, 896.8579108524372, false, 175);
INSERT INTO public.moon VALUES (692, 'VXGVXLDF', 2501, 522.9870719330288, false, 106);
INSERT INTO public.moon VALUES (693, 'MG', 2097, 454.2330647152047, false, 297);
INSERT INTO public.moon VALUES (694, 'IL8F3', 15301, 2227.2853070403967, true, 268);
INSERT INTO public.moon VALUES (695, 'PN62W', 9481, 1518.7396009197191, false, 313);
INSERT INTO public.moon VALUES (696, 'EW1', 13321, 1993.560695542805, true, 157);
INSERT INTO public.moon VALUES (697, 'U', 11365, 1755.721195384553, true, 73);
INSERT INTO public.moon VALUES (698, 'G4PRYWQ', 13800, 2050.705372132547, true, 361);
INSERT INTO public.moon VALUES (699, 'KSV', 11548, 1778.301603807963, false, 184);
INSERT INTO public.moon VALUES (700, 'XS', 14788, 2167.3425311892847, true, 265);
INSERT INTO public.moon VALUES (701, 'R', 11987, 1832.1811229123784, false, 75);
INSERT INTO public.moon VALUES (702, 'PYDA9', 14569, 2141.626808538957, false, 207);
INSERT INTO public.moon VALUES (703, 'AEHJHQD', 3479, 681.0257654223614, true, 273);
INSERT INTO public.moon VALUES (704, 'XAKT', 14346, 2115.3618183374097, true, 35);
INSERT INTO public.moon VALUES (705, 'ACL', 10111, 1598.951490976052, false, 63);
INSERT INTO public.moon VALUES (706, 'J', 4445, 828.5093467686679, false, 14);
INSERT INTO public.moon VALUES (707, 'PH', 10814, 1687.287511915855, false, 396);
INSERT INTO public.moon VALUES (708, 'L', 12177, 1855.3773256410618, false, 338);
INSERT INTO public.moon VALUES (709, '3WRXXL', 4171, 787.3940920402159, true, 134);
INSERT INTO public.moon VALUES (710, 'COI14XAJ', 9522, 1523.9914893326013, true, 301);
INSERT INTO public.moon VALUES (711, 'JG3', 5823, 1028.2943086164394, false, 63);
INSERT INTO public.moon VALUES (712, 'YPPRB', 1151, 281.0996202524337, false, 328);
INSERT INTO public.moon VALUES (713, '5IZ', 5751, 1018.1099787095227, true, 257);
INSERT INTO public.moon VALUES (714, 'XOX6', 9903, 1572.5824449434342, false, 44);
INSERT INTO public.moon VALUES (715, '3', 15020, 2194.501823907231, true, 76);
INSERT INTO public.moon VALUES (716, 'WFWG1', 14382, 2119.6074023160522, true, 158);
INSERT INTO public.moon VALUES (717, 'K12PD1S', 5957, 1047.1817867399902, true, 219);
INSERT INTO public.moon VALUES (718, '3O8Z1BT', 7322, 1235.1047150034683, true, 197);
INSERT INTO public.moon VALUES (719, 'ME13Q', 8112, 1340.609688203877, false, 328);
INSERT INTO public.moon VALUES (720, '731', 8966, 1452.3757454596653, false, 155);
INSERT INTO public.moon VALUES (721, 'RNY', 11020, 1712.9523241757902, true, 121);
INSERT INTO public.moon VALUES (722, '4OW74D', 12097, 1845.6193912827723, true, 131);
INSERT INTO public.moon VALUES (723, '00T', 11101, 1723.0174749927155, false, 18);
INSERT INTO public.moon VALUES (724, '6', 3025, 608.9481328640206, false, 392);
INSERT INTO public.moon VALUES (725, 'UA', 14495, 2132.92004516865, true, 5);
INSERT INTO public.moon VALUES (726, 'LZ2U299G', 2084, 451.97891128677907, false, 287);
INSERT INTO public.moon VALUES (727, '9', 2460, 516.1169066737174, true, 208);
INSERT INTO public.moon VALUES (728, '4QH56T', 12657, 1913.6593165443735, true, 16);
INSERT INTO public.moon VALUES (729, 'VPIKL', 5076, 921.3344083898922, false, 264);
INSERT INTO public.moon VALUES (730, '6SIF', 1132, 277.3812758905526, false, 13);
INSERT INTO public.moon VALUES (731, 'J', 7691, 1284.6542236247299, false, 38);
INSERT INTO public.moon VALUES (732, '9R8PK71X', 8262, 1360.4047902928928, true, 278);
INSERT INTO public.moon VALUES (733, 'O', 6128, 1071.1616246896538, true, 196);
INSERT INTO public.moon VALUES (734, 'MMVV3', 950, 241.0898263946399, true, 26);
INSERT INTO public.moon VALUES (735, '3GUKJZ4P', 524, 149.78386386991932, true, 65);
INSERT INTO public.moon VALUES (736, '0MNQAH', 6297, 1094.7298361053095, false, 206);
INSERT INTO public.moon VALUES (737, 'EF032J', 6541, 1128.535744800782, true, 305);
INSERT INTO public.moon VALUES (738, 'WJ1', 5718, 1013.4336507732226, true, 101);
INSERT INTO public.moon VALUES (739, 'XILU1', 2896, 588.0832989843607, true, 340);
INSERT INTO public.moon VALUES (740, '97U6', 9141, 1475.0100084239298, false, 385);
INSERT INTO public.moon VALUES (741, '43UN054', 3642, 706.4345854420492, true, 269);
INSERT INTO public.moon VALUES (742, 'BE0IHM', 6482, 1120.3848338923478, false, 226);
INSERT INTO public.moon VALUES (743, 'C', 7070, 1200.9793250020066, false, 285);
INSERT INTO public.moon VALUES (744, 'OHH5', 4831, 885.5837318980226, false, 32);
INSERT INTO public.moon VALUES (745, '1A86', 11585, 1782.8583135262347, true, 191);
INSERT INTO public.moon VALUES (746, 'L', 12105, 1846.5957641984369, false, 114);
INSERT INTO public.moon VALUES (747, 'TAV', 3383, 665.9499616263156, true, 69);
INSERT INTO public.moon VALUES (748, 'GY', 7037, 1196.4926657464657, false, 400);
INSERT INTO public.moon VALUES (749, 'P2HS5C', 8448, 1384.8512397871207, true, 334);
INSERT INTO public.moon VALUES (750, '28I5B', 674, 183.20103260784444, true, 395);
INSERT INTO public.moon VALUES (751, 'QI4BW', 4197, 791.3182381335063, true, 148);
INSERT INTO public.moon VALUES (752, '5', 10994, 1709.7184019889546, true, 7);
INSERT INTO public.moon VALUES (753, 'X6', 14469, 2129.8588033297315, false, 179);
INSERT INTO public.moon VALUES (754, 'A', 12778, 1928.2809334577607, true, 289);
INSERT INTO public.moon VALUES (755, 'ST86C', 103, 40.763341732641045, false, 349);
INSERT INTO public.moon VALUES (756, 'BEM', 11586, 1782.9814274096832, false, 236);
INSERT INTO public.moon VALUES (757, 'MVUSF', 10069, 1593.6357829402116, true, 159);
INSERT INTO public.moon VALUES (758, 'MDJ6', 9265, 1490.995521357074, true, 40);
INSERT INTO public.moon VALUES (759, 'XZ96O', 1698, 383.6632034933616, false, 194);
INSERT INTO public.moon VALUES (760, 'V0062WR', 1644, 373.8707167415956, true, 319);
INSERT INTO public.moon VALUES (761, 'VN970', 8191, 1351.044148229561, true, 316);
INSERT INTO public.moon VALUES (762, 'CVO', 3782, 728.076845313096, true, 25);
INSERT INTO public.moon VALUES (763, '2', 7155, 1212.5166486860232, false, 377);
INSERT INTO public.moon VALUES (764, '8YK7QS0', 4879, 892.6159738068155, true, 58);
INSERT INTO public.moon VALUES (765, 'C70', 11997, 1833.4037996965938, false, 340);
INSERT INTO public.moon VALUES (766, '6', 10677, 1670.165060822846, true, 135);
INSERT INTO public.moon VALUES (767, 'Z3Y', 5763, 1019.8091298292055, true, 255);
INSERT INTO public.moon VALUES (768, '5NYM26Q1', 11982, 1831.5697080264724, true, 74);
INSERT INTO public.moon VALUES (769, 'RUA0BQ', 3772, 726.5363491517386, false, 213);
INSERT INTO public.moon VALUES (770, '5BGLSR1', 6059, 1061.501866132101, true, 108);
INSERT INTO public.moon VALUES (771, '7JTASZJ', 10245, 1615.8817284113272, false, 60);
INSERT INTO public.moon VALUES (772, 'QJ', 12165, 1853.9144547951717, false, 63);
INSERT INTO public.moon VALUES (773, 'KN', 499, 144.03911240240546, true, 260);
INSERT INTO public.moon VALUES (774, 'TI28YQAD', 3898, 745.8877383199696, true, 362);
INSERT INTO public.moon VALUES (775, 'M1E7BE18', 15265, 2223.092056716132, true, 112);
INSERT INTO public.moon VALUES (776, '7', 12255, 1864.8789741773558, true, 241);
INSERT INTO public.moon VALUES (777, 'DDD', 14451, 2127.738837600842, true, 397);
INSERT INTO public.moon VALUES (778, 'H1', 14143, 2091.3813607982684, true, 399);
INSERT INTO public.moon VALUES (779, '95D2', 4118, 779.3796713039687, true, 114);
INSERT INTO public.moon VALUES (780, 'QC', 14917, 2182.454467434458, false, 265);
INSERT INTO public.moon VALUES (781, 'N', 13064, 1962.7317026268802, true, 219);
INSERT INTO public.moon VALUES (782, 'N794J', 7275, 1228.7581124436326, false, 16);
INSERT INTO public.moon VALUES (783, 'M', 3079, 617.6291017685185, false, 263);
INSERT INTO public.moon VALUES (784, '7NG02D6', 3599, 699.7541411801004, false, 107);
INSERT INTO public.moon VALUES (785, 'JXROL8T', 2783, 569.653231107592, true, 149);
INSERT INTO public.moon VALUES (786, 'SGOCH', 15334, 2231.1273867369828, false, 48);
INSERT INTO public.moon VALUES (787, 'FD', 8380, 1375.92643589828, true, 90);
INSERT INTO public.moon VALUES (788, '4J5K', 12374, 1879.3518220552833, false, 163);
INSERT INTO public.moon VALUES (789, 'KBU2B', 15012, 2193.566700079559, true, 209);
INSERT INTO public.moon VALUES (790, 'UQALDWLZ', 8523, 1394.6781299549557, false, 340);
INSERT INTO public.moon VALUES (791, 'CU', 7584, 1270.3361572139654, true, 59);
INSERT INTO public.moon VALUES (792, 'SUFEKO', 13593, 2026.059771649172, false, 55);
INSERT INTO public.moon VALUES (793, '1R5KN9KZ', 13728, 2042.141431076394, false, 24);
INSERT INTO public.moon VALUES (794, 'QQZ95B', 242, 80.73322341291347, false, 13);
INSERT INTO public.moon VALUES (795, 'X06P', 14335, 2114.0641317498525, true, 378);
INSERT INTO public.moon VALUES (796, 'NGAQ', 8926, 1447.1898436877577, false, 29);
INSERT INTO public.moon VALUES (797, 'H4V8J3', 2640, 546.1137879726157, true, 284);
INSERT INTO public.moon VALUES (798, '4P', 10008, 1585.9074429837133, false, 332);
INSERT INTO public.moon VALUES (799, '2ZEVH', 9524, 1524.2475631796283, true, 131);
INSERT INTO public.moon VALUES (800, '8V1IWD', 6385, 1106.9518266938046, false, 121);
INSERT INTO public.moon VALUES (801, '4QIUP', 8746, 1423.7953767986571, false, 131);
INSERT INTO public.moon VALUES (802, '88T3', 3978, 758.1092977508708, false, 397);
INSERT INTO public.moon VALUES (803, '3M8S', 11946, 1827.1660128833753, false, 157);
INSERT INTO public.moon VALUES (804, 'H7', 4076, 773.0139658295557, false, 355);
INSERT INTO public.moon VALUES (805, '68', 12041, 1838.7811589825615, false, 300);
INSERT INTO public.moon VALUES (806, 'FNPIZ', 6526, 1126.4648783618954, true, 340);
INSERT INTO public.moon VALUES (807, 'E3RD', 8957, 1451.2093216960043, true, 180);
INSERT INTO public.moon VALUES (808, 'IIO1G0BZ', 10658, 1667.786955574292, false, 157);
INSERT INTO public.moon VALUES (809, 'ZT7', 3383, 665.9499616263156, false, 123);
INSERT INTO public.moon VALUES (810, 'ONQJPP', 15094, 2203.1470055287377, false, 248);
INSERT INTO public.moon VALUES (811, '1', 5490, 980.9748553670404, false, 239);
INSERT INTO public.moon VALUES (812, 'BDG', 11996, 1833.2815411931417, false, 152);
INSERT INTO public.moon VALUES (813, 'IBNL1T9', 12540, 1899.4944510402581, true, 200);
INSERT INTO public.moon VALUES (814, 'N', 9252, 1489.3216378830043, true, 49);
INSERT INTO public.moon VALUES (815, 'BD5V', 5014, 912.320563129953, false, 158);
INSERT INTO public.moon VALUES (816, 'U8ETAY', 8788, 1429.2626298514224, false, 271);
INSERT INTO public.moon VALUES (817, 'KYI6RC', 1301, 310.0429334253081, true, 262);
INSERT INTO public.moon VALUES (818, 'A0', 14807, 2169.569970732777, true, 31);
INSERT INTO public.moon VALUES (819, 'J', 13687, 2037.2607297527577, true, 65);
INSERT INTO public.moon VALUES (820, 'VSRJC73', 1422, 332.9045087314483, false, 153);
INSERT INTO public.moon VALUES (821, 'QAVKBGE', 6394, 1108.1998972283966, false, 144);
INSERT INTO public.moon VALUES (822, '82', 11144, 1728.3547308757327, true, 290);
INSERT INTO public.moon VALUES (823, '7JH', 2612, 541.4751597316279, false, 379);
INSERT INTO public.moon VALUES (824, 'V', 1299, 309.66157677656685, true, 81);
INSERT INTO public.moon VALUES (825, '6QJVU953', 384, 116.80595364349554, true, 306);
INSERT INTO public.moon VALUES (826, '674S7', 15442, 2243.6899285677346, true, 306);
INSERT INTO public.moon VALUES (827, 'SHBTZP', 11622, 1787.4121135381713, true, 283);
INSERT INTO public.moon VALUES (828, 'PW', 15711, 2274.903940091718, true, 175);
INSERT INTO public.moon VALUES (829, 'GUR', 890, 228.82949666368657, true, 204);
INSERT INTO public.moon VALUES (830, 'TAS', 8485, 1389.701343343211, false, 158);
INSERT INTO public.moon VALUES (831, '4PCHAL', 2686, 553.7131105739074, false, 181);
INSERT INTO public.moon VALUES (832, 'XF', 13143, 1972.2211249141046, true, 176);
INSERT INTO public.moon VALUES (833, 'H91', 12117, 1848.0600816439298, false, 13);
INSERT INTO public.moon VALUES (834, 'XKC', 9183, 1480.4292849389312, false, 32);
INSERT INTO public.moon VALUES (835, 'UP0EGF5P', 5655, 1004.491086694367, true, 338);
INSERT INTO public.moon VALUES (836, 'GW', 9585, 1532.0526620006526, false, 372);
INSERT INTO public.moon VALUES (837, '8D', 7059, 1199.4842382376942, false, 365);
INSERT INTO public.moon VALUES (838, 'V8ZONO06', 801, 210.3323203244993, false, 101);
INSERT INTO public.moon VALUES (839, 'PK9U0BF', 7965, 1321.1393376473807, true, 16);
INSERT INTO public.moon VALUES (840, 'X9AUA', 5067, 920.0273191962415, true, 124);
INSERT INTO public.moon VALUES (841, 'S0', 3915, 748.4889843169195, false, 174);
INSERT INTO public.moon VALUES (842, '4AF383', 12313, 1871.9364616482508, true, 41);
INSERT INTO public.moon VALUES (843, 'MZP', 9155, 1476.8169861601705, false, 179);
INSERT INTO public.moon VALUES (844, 'ME', 10347, 1628.7392386316917, true, 130);
INSERT INTO public.moon VALUES (845, 'TRE', 4223, 795.2375252639052, false, 41);
INSERT INTO public.moon VALUES (846, 'AL', 14962, 2187.7199154282307, true, 6);
INSERT INTO public.moon VALUES (847, 'ZLI', 969, 244.93960979116628, false, 297);
INSERT INTO public.moon VALUES (848, 'SYFF', 7718, 1288.260881210568, false, 337);
INSERT INTO public.moon VALUES (849, '4TIRSFRU', 3018, 607.8205628171944, true, 31);
INSERT INTO public.moon VALUES (850, 'F', 12513, 1896.2218894954253, false, 15);
INSERT INTO public.moon VALUES (851, '6877RBL', 14493, 2132.6846040398163, false, 162);
INSERT INTO public.moon VALUES (852, 'Y98', 15380, 2236.48025531421, false, 379);
INSERT INTO public.moon VALUES (853, 'LPJOSXT', 6217, 1083.5892650496037, true, 365);
INSERT INTO public.moon VALUES (854, 'XGE', 13439, 2007.6757029176918, true, 310);
INSERT INTO public.moon VALUES (855, '1KW8', 14630, 2148.797355779377, true, 155);
INSERT INTO public.moon VALUES (856, 'MD8G9PHH', 4333, 811.766175423642, false, 321);
INSERT INTO public.moon VALUES (857, '8SND5SM', 18, 10.097596309015797, false, 246);
INSERT INTO public.moon VALUES (858, 'K6Q', 10579, 1657.8899301847198, true, 1);
INSERT INTO public.moon VALUES (859, 'XDX', 8785, 1428.8722853558615, true, 53);
INSERT INTO public.moon VALUES (860, '2D42B9G9', 5483, 979.9740976277678, true, 219);
INSERT INTO public.moon VALUES (861, 'ZBY', 2729, 560.793315778435, false, 321);
INSERT INTO public.moon VALUES (862, 'U', 14118, 2088.423358525294, false, 346);
INSERT INTO public.moon VALUES (863, 'QF3MY', 13742, 2043.8073439889204, false, 20);
INSERT INTO public.moon VALUES (864, 'QP5U', 199, 69.03708747126112, true, 151);
INSERT INTO public.moon VALUES (865, 'W19RFTZ', 10931, 1701.8760061607868, false, 42);
INSERT INTO public.moon VALUES (866, '3IO', 6655, 1144.243483663121, true, 20);
INSERT INTO public.moon VALUES (867, '60PR4', 10755, 1679.9189603744414, true, 286);
INSERT INTO public.moon VALUES (868, 'XX5423U5', 15439, 2243.3412068703396, false, 204);
INSERT INTO public.moon VALUES (869, '00', 11577, 1781.8733259250307, true, 98);
INSERT INTO public.moon VALUES (870, '2R', 11847, 1815.0421325647299, true, 80);
INSERT INTO public.moon VALUES (871, 'LZA4', 9929, 1575.8845893474384, false, 337);
INSERT INTO public.moon VALUES (872, 'Y', 9956, 1579.3119094103488, true, 400);
INSERT INTO public.moon VALUES (873, '018', 8354, 1372.51018764142, false, 312);
INSERT INTO public.moon VALUES (874, 'PM', 9231, 1486.6166781116751, false, 298);
INSERT INTO public.moon VALUES (875, 'MAD', 1805, 402.8856185060002, false, 206);
INSERT INTO public.moon VALUES (876, 'A', 9573, 1530.518019557435, false, 8);
INSERT INTO public.moon VALUES (877, 'EWT', 7059, 1199.4842382376942, false, 99);
INSERT INTO public.moon VALUES (878, '21P', 10156, 1604.641994439999, false, 156);
INSERT INTO public.moon VALUES (879, '9YWT364U', 7727, 1289.4625393124784, true, 213);
INSERT INTO public.moon VALUES (880, '0WL6', 4833, 885.8770201035038, false, 325);
INSERT INTO public.moon VALUES (881, '319E7', 6815, 1166.1990629778618, false, 23);
INSERT INTO public.moon VALUES (882, 'KET3NF', 10789, 1684.1662284994502, true, 368);
INSERT INTO public.moon VALUES (883, '5RRHP', 4431, 826.4211058265117, false, 93);
INSERT INTO public.moon VALUES (884, 'GS35LO', 12487, 1893.0691989006857, true, 362);
INSERT INTO public.moon VALUES (885, 'PPUY', 760, 201.6744465644792, true, 114);
INSERT INTO public.moon VALUES (886, 'V7QB1ZWO', 15436, 2242.9924716204428, false, 64);
INSERT INTO public.moon VALUES (887, 'IBDO453', 3399, 668.4684764324384, true, 22);
INSERT INTO public.moon VALUES (888, 'MDSO5', 5201, 939.4409412833078, false, 27);
INSERT INTO public.moon VALUES (889, '10W', 11974, 1830.5913380561692, false, 142);
INSERT INTO public.moon VALUES (890, 'NDBFZ', 14847, 2174.25744991976, false, 174);
INSERT INTO public.moon VALUES (891, 'T8C8O', 1304, 310.61474865527384, true, 152);
INSERT INTO public.moon VALUES (892, '6GY3', 4082, 773.9241525726683, true, 9);
INSERT INTO public.moon VALUES (893, '8', 4273, 802.7610905058385, true, 361);
INSERT INTO public.moon VALUES (894, 'BC', 375, 114.61066018618494, true, 199);
INSERT INTO public.moon VALUES (895, '8', 10875, 1694.8973961974677, false, 273);
INSERT INTO public.moon VALUES (896, 'PRV8TTU', 2769, 567.3595436446933, false, 200);
INSERT INTO public.moon VALUES (897, '5V3D7', 15313, 2228.6826184950855, true, 356);
INSERT INTO public.moon VALUES (898, 'QQ05S2', 6132, 1071.720941516689, true, 160);
INSERT INTO public.moon VALUES (899, '6XPL1YB', 9344, 1501.1575118277428, false, 275);
INSERT INTO public.moon VALUES (900, '7BZKNF', 14176, 2095.284323193405, false, 360);
INSERT INTO public.moon VALUES (901, 'Y', 11273, 1744.3418706998532, false, 180);
INSERT INTO public.moon VALUES (902, 'MUM4DWGT', 3454, 677.1078777479688, false, 19);
INSERT INTO public.moon VALUES (903, 'VHBEB', 3540, 690.5618937063226, false, 351);
INSERT INTO public.moon VALUES (904, 'XYUGA6', 14374, 2118.6641230694813, false, 68);
INSERT INTO public.moon VALUES (905, 'MP', 6958, 1185.7347274152216, false, 361);
INSERT INTO public.moon VALUES (906, 'S', 5067, 920.0273191962415, false, 249);
INSERT INTO public.moon VALUES (907, 'UK8LVI', 4537, 842.1995856405183, true, 171);
INSERT INTO public.moon VALUES (908, 'K3JR7K', 10738, 1677.7943196060078, false, 231);
INSERT INTO public.moon VALUES (909, 'O', 5031, 914.7943083557099, false, 349);
INSERT INTO public.moon VALUES (910, 'EY', 15466, 2246.479214635653, true, 145);
INSERT INTO public.moon VALUES (911, 'ZQ', 3240, 643.3332650102298, false, 332);
INSERT INTO public.moon VALUES (912, '7J', 1795, 401.09898440080246, false, 238);
INSERT INTO public.moon VALUES (913, 'XCPL', 2258, 481.9246604762613, false, 193);
INSERT INTO public.moon VALUES (914, '8HFH67', 3597, 699.4430356348453, false, 59);
INSERT INTO public.moon VALUES (915, '21CG8H', 185, 65.12344743779866, false, 289);
INSERT INTO public.moon VALUES (916, '7O', 10184, 1608.1802065180227, false, 184);
INSERT INTO public.moon VALUES (917, 'V9', 11180, 1732.8199639126858, false, 381);
INSERT INTO public.moon VALUES (918, 'TJLDW7', 9399, 1508.2221675774579, true, 43);
INSERT INTO public.moon VALUES (919, 'MQ', 2557, 532.3344622464027, true, 12);
INSERT INTO public.moon VALUES (920, '5CX7TH9', 11736, 1801.4245649741038, true, 103);
INSERT INTO public.moon VALUES (921, 'RK2P8F', 6336, 1100.150587116393, true, 302);
INSERT INTO public.moon VALUES (922, 'X7O', 3219, 639.9952951759042, true, 373);
INSERT INTO public.moon VALUES (923, '0S5', 1569, 360.16238607798994, true, 396);
INSERT INTO public.moon VALUES (924, 'DZMXCEMG', 15427, 2241.9461845241217, false, 285);
INSERT INTO public.moon VALUES (925, 'R1', 1464, 340.74764373565074, false, 49);
INSERT INTO public.moon VALUES (926, 'K', 7263, 1227.1363908066264, false, 329);
INSERT INTO public.moon VALUES (927, 'QNXJ6L', 11609, 1785.812460618896, true, 25);
INSERT INTO public.moon VALUES (928, 'A1NDEUYX', 11994, 1833.0370180710192, true, 22);
INSERT INTO public.moon VALUES (929, 'O62', 13360, 1998.228581205514, true, 215);
INSERT INTO public.moon VALUES (930, 'RUJKB40S', 6902, 1178.0940537605823, false, 5);
INSERT INTO public.moon VALUES (931, 'GS4RLJ3', 12896, 1942.5133830073212, false, 397);
INSERT INTO public.moon VALUES (932, 'Y5', 7214, 1220.5087868233816, false, 327);
INSERT INTO public.moon VALUES (933, 'QAK8', 3768, 725.9199220662126, false, 151);
INSERT INTO public.moon VALUES (934, 'SCJP', 11382, 1757.8218763085306, false, 226);
INSERT INTO public.moon VALUES (935, 'SGFMHA', 9800, 1559.483774545922, true, 108);
INSERT INTO public.moon VALUES (936, 'N2NS3', 10668, 1669.0386955120691, false, 222);
INSERT INTO public.moon VALUES (937, 'N', 11043, 1715.8118296218897, false, 53);
INSERT INTO public.moon VALUES (938, 'XPJZ0HX1', 14506, 2134.2148552707895, true, 312);
INSERT INTO public.moon VALUES (939, 'ZJHD1M', 9087, 1468.0350424323474, false, 166);
INSERT INTO public.moon VALUES (940, 'TAARHOL9', 8315, 1367.3818243965031, false, 354);
INSERT INTO public.moon VALUES (941, 'BYID', 11574, 1781.5039204821294, false, 381);
INSERT INTO public.moon VALUES (942, '8C8J3LR', 8468, 1387.4734437583531, true, 14);
INSERT INTO public.moon VALUES (943, 'BBA', 3937, 751.8519523965863, false, 316);
INSERT INTO public.moon VALUES (944, 'U90GY9P', 9867, 1568.0073805547668, true, 377);
INSERT INTO public.moon VALUES (945, 'OHRQ1', 8209, 1353.418798965492, true, 178);
INSERT INTO public.moon VALUES (946, 'E153PWT', 11407, 1760.9099735115462, true, 369);
INSERT INTO public.moon VALUES (947, 'M7Z5ITL4', 6302, 1095.4251786106222, true, 355);
INSERT INTO public.moon VALUES (948, '6FGLU1W', 12103, 1846.351683071517, true, 261);
INSERT INTO public.moon VALUES (949, 'ZCSE', 7429, 1249.5230922809087, true, 364);
INSERT INTO public.moon VALUES (950, 'SGCNJC', 7021, 1194.3158018154834, true, 369);
INSERT INTO public.moon VALUES (951, 'V', 13158, 1974.021623557883, true, 324);
INSERT INTO public.moon VALUES (952, 'UGKBK', 5815, 1027.1639654561038, true, 37);
INSERT INTO public.moon VALUES (953, '5', 3848, 738.223813854312, true, 245);
INSERT INTO public.moon VALUES (954, 'MF9I1WK', 7847, 1305.4580543880984, false, 345);
INSERT INTO public.moon VALUES (955, 'JTG', 6092, 1066.1244803417699, true, 239);
INSERT INTO public.moon VALUES (956, 'YNZ0P6V', 9344, 1501.1575118277428, false, 176);
INSERT INTO public.moon VALUES (957, 'BMBG58G7', 9484, 1519.124039240746, true, 270);
INSERT INTO public.moon VALUES (958, 'WMD', 601, 167.14738157598728, false, 268);
INSERT INTO public.moon VALUES (959, '90', 9657, 1541.2524683061154, true, 287);
INSERT INTO public.moon VALUES (960, 'MH', 6257, 1089.163111598077, false, 102);
INSERT INTO public.moon VALUES (961, '6JQVUFG', 12097, 1845.6193912827723, true, 261);
INSERT INTO public.moon VALUES (962, '3N0JT', 12963, 1950.5829189478077, false, 327);
INSERT INTO public.moon VALUES (963, 'YFEH', 11690, 1795.7737087577473, true, 29);
INSERT INTO public.moon VALUES (964, '07SVD9', 10705, 1673.6680950621617, true, 343);
INSERT INTO public.moon VALUES (965, 'SBGR0TN', 2692, 554.7023993880551, true, 61);
INSERT INTO public.moon VALUES (966, 'C22', 15729, 2276.9887765324806, false, 21);
INSERT INTO public.moon VALUES (967, '6I1SWY', 2439, 512.5891866339381, false, 196);
INSERT INTO public.moon VALUES (968, 'X4UN5', 7763, 1294.2663766921842, true, 237);
INSERT INTO public.moon VALUES (969, '2O', 4775, 877.3617581258407, true, 127);
INSERT INTO public.moon VALUES (970, 'TFTIPS3', 8294, 1364.6184062088312, false, 341);
INSERT INTO public.moon VALUES (971, 'IA5Q', 11827, 1812.5904080728328, true, 50);
INSERT INTO public.moon VALUES (972, 'T2', 4264, 801.4081538653453, false, 362);
INSERT INTO public.moon VALUES (973, 'EFMQ', 13054, 1961.5296928360858, true, 261);
INSERT INTO public.moon VALUES (974, 'JVJL206K', 14518, 2135.627151443105, false, 161);
INSERT INTO public.moon VALUES (975, 'G9X5C8F', 12478, 1891.9775771417223, false, 231);
INSERT INTO public.moon VALUES (976, 'MJXK', 1768, 396.2650852736493, true, 328);
INSERT INTO public.moon VALUES (977, 'V52VQI', 13470, 2011.379764438536, false, 41);
INSERT INTO public.moon VALUES (978, '31NN5', 10884, 1696.019442327281, true, 302);
INSERT INTO public.moon VALUES (979, 'XNGPGNX', 1101, 271.2875448251195, true, 276);
INSERT INTO public.moon VALUES (980, 'W', 4649, 858.7913015575787, false, 125);
INSERT INTO public.moon VALUES (981, 'O', 5410, 969.5223208515724, false, 17);
INSERT INTO public.moon VALUES (982, 'TS2', 14435, 2125.8539802279715, false, 223);
INSERT INTO public.moon VALUES (983, 'WMVCTKNN', 13217, 1981.0996077936777, true, 20);
INSERT INTO public.moon VALUES (984, 'EWH', 1042, 259.593715944237, false, 141);
INSERT INTO public.moon VALUES (985, '7', 13519, 2017.2310967674473, false, 200);
INSERT INTO public.moon VALUES (986, 'WAW6ZMX4', 3191, 635.5378835339213, false, 80);
INSERT INTO public.moon VALUES (987, 'KCPX', 15417, 2240.7835001145295, false, 272);
INSERT INTO public.moon VALUES (988, 'GK', 306, 97.4040783123474, true, 353);
INSERT INTO public.moon VALUES (989, 'F8IH4', 7681, 1283.3177822319292, true, 346);
INSERT INTO public.moon VALUES (990, 'F', 11739, 1801.792945039747, false, 399);
INSERT INTO public.moon VALUES (991, '53BKB6N', 5617, 999.0875315965166, false, 307);
INSERT INTO public.moon VALUES (992, '73A3', 5049, 917.411746578616, true, 155);
INSERT INTO public.moon VALUES (993, 'Y7W126O', 9862, 1567.371691144079, true, 226);
INSERT INTO public.moon VALUES (994, 'VZ0YOZD', 4694, 865.435026335509, true, 137);
INSERT INTO public.moon VALUES (995, '15IQNJ', 8708, 1418.8442885106474, true, 49);
INSERT INTO public.moon VALUES (996, 'ZDQSW', 12823, 1933.7116504050075, true, 63);
INSERT INTO public.moon VALUES (997, 'II', 14627, 2148.4448459083355, false, 282);
INSERT INTO public.moon VALUES (998, '3F0J', 14195, 2097.5306589291285, false, 320);
INSERT INTO public.moon VALUES (999, 'FG5ERAUD', 6806, 1164.9668189994775, false, 198);
INSERT INTO public.moon VALUES (1000, 'GNXHYR', 2909, 590.1942540103485, false, 223);
INSERT INTO public.moon VALUES (1001, 'SJ', 10720, 1675.5439665722483, false, 334);
INSERT INTO public.moon VALUES (1002, 'G', 6915, 1179.8688831119969, false, 130);
INSERT INTO public.moon VALUES (1003, 'KB7C8H5V', 8608, 1405.7943925272516, true, 223);
INSERT INTO public.moon VALUES (1004, 'S', 14439, 2126.325233726482, false, 399);
INSERT INTO public.moon VALUES (1005, 'YGRGA5F', 11531, 1776.2070017808605, true, 305);
INSERT INTO public.moon VALUES (1006, 'PVQ8', 8973, 1453.2828020494062, false, 184);
INSERT INTO public.moon VALUES (1007, 'B55', 9767, 1555.2812996634282, true, 234);
INSERT INTO public.moon VALUES (1008, 'S', 4997, 909.8451398818958, true, 166);
INSERT INTO public.moon VALUES (1009, '4071SGJ', 15343, 2232.174939531619, true, 352);
INSERT INTO public.moon VALUES (1010, 'GF12069M', 12374, 1879.3518220552833, true, 369);
INSERT INTO public.moon VALUES (1011, 'GFYXYY63', 12633, 1910.7558456448282, false, 389);
INSERT INTO public.moon VALUES (1012, 'FSTYQG', 7807, 1300.1316881500472, false, 39);
INSERT INTO public.moon VALUES (1013, 'N9ZN92', 15036, 2196.3717728009333, false, 109);
INSERT INTO public.moon VALUES (1014, '5POTWGY', 7673, 1282.248378560965, false, 197);
INSERT INTO public.moon VALUES (1015, 'XKFSEW', 662, 180.58696183092897, true, 286);
INSERT INTO public.moon VALUES (1016, 'IVJQ4L', 11180, 1732.8199639126858, true, 50);
INSERT INTO public.moon VALUES (1017, 'KSZB8EQ', 13447, 2008.6317532037988, true, 126);
INSERT INTO public.moon VALUES (1018, 'XU1KRQ60', 13033, 1959.0048725876493, false, 365);
INSERT INTO public.moon VALUES (1019, 'HE590', 3117, 623.7196719839827, false, 252);
INSERT INTO public.moon VALUES (1020, 'G0VSE0FL', 6183, 1078.8458547010314, false, 121);
INSERT INTO public.moon VALUES (1021, '1YMEYM3I', 7910, 1313.8360881524025, true, 166);
INSERT INTO public.moon VALUES (1022, 'LAGX', 1965, 431.2112112801606, false, 77);
INSERT INTO public.moon VALUES (1023, 'ANFE1J', 12135, 1850.2560141567112, true, 221);
INSERT INTO public.moon VALUES (1024, 'P36GI13S', 4171, 787.3940920402159, true, 222);
INSERT INTO public.moon VALUES (1025, 'DQ8', 12043, 1839.0254909309394, true, 227);
INSERT INTO public.moon VALUES (1026, 'GF8UL', 15294, 2226.4701074823643, false, 166);
INSERT INTO public.moon VALUES (1027, '6F', 9422, 1511.17402453995, false, 177);
INSERT INTO public.moon VALUES (1028, 'P', 3406, 669.5695806309669, false, 85);
INSERT INTO public.moon VALUES (1029, 'SEISXXJO', 3930, 750.7823257590957, false, 305);
INSERT INTO public.moon VALUES (1030, '4VQWLN3', 9246, 1488.5489176512483, false, 263);
INSERT INTO public.moon VALUES (1031, 'JQAO8', 5955, 1046.9005130923185, false, 200);
INSERT INTO public.moon VALUES (1032, 'F', 13215, 1980.85977974342, true, 63);
INSERT INTO public.moon VALUES (1033, 'UV0CHT', 13884, 2060.685351972886, false, 63);
INSERT INTO public.moon VALUES (1034, 'WYZJE', 14026, 2077.5288702788225, false, 180);
INSERT INTO public.moon VALUES (1035, 'OTUO8D', 14125, 2089.2517046827993, false, 153);
INSERT INTO public.moon VALUES (1036, 'T36', 10001, 1585.019982648647, false, 163);
INSERT INTO public.moon VALUES (1037, 'LA', 10266, 1618.5309478446213, true, 192);
INSERT INTO public.moon VALUES (1038, '37BX', 5607, 997.6643298490858, false, 358);
INSERT INTO public.moon VALUES (1039, 'UUA', 14073, 2083.0963125150283, true, 213);
INSERT INTO public.moon VALUES (1040, 'COPWG59', 13726, 2041.90341578685, true, 16);
INSERT INTO public.moon VALUES (1041, 'IAAAT', 9823, 1562.4110983563096, false, 128);
INSERT INTO public.moon VALUES (1042, '9Z1VV', 10826, 1688.7852152142098, true, 154);
INSERT INTO public.moon VALUES (1043, 'XLJ4', 8895, 1443.1675727738668, true, 135);
INSERT INTO public.moon VALUES (1044, 'BTHJG3V', 11612, 1786.181643077276, false, 9);
INSERT INTO public.moon VALUES (1045, '6LZ', 5333, 958.4672256063466, true, 289);
INSERT INTO public.moon VALUES (1046, 'D7MN63', 714, 191.84857133265436, false, 334);
INSERT INTO public.moon VALUES (1047, 'DI9UHSJ4', 11137, 1727.4861563414822, true, 299);
INSERT INTO public.moon VALUES (1048, 'BF7U', 3295, 652.0551586790156, true, 285);
INSERT INTO public.moon VALUES (1049, 'VNS6BFBT', 13847, 2056.290900885021, true, 162);
INSERT INTO public.moon VALUES (1050, 'MM51KC', 1915, 422.4108088895458, false, 57);
INSERT INTO public.moon VALUES (1051, 'Q6', 836, 217.6531826037456, false, 307);
INSERT INTO public.moon VALUES (1052, 'UXB', 13749, 2044.6401731429733, true, 54);
INSERT INTO public.moon VALUES (1053, 'Y13', 13487, 2013.4103000132966, true, 294);
INSERT INTO public.moon VALUES (1054, 'PM2V', 13158, 1974.021623557883, false, 250);
INSERT INTO public.moon VALUES (1055, 'XX', 8868, 1439.662019856841, false, 330);
INSERT INTO public.moon VALUES (1056, '4', 2673, 551.5681333293066, true, 233);
INSERT INTO public.moon VALUES (1057, 'RW5O', 11919, 1823.8614997308273, true, 324);


--
-- Data for Name: planet; Type: TABLE DATA; Schema: public; Owner: freecodecamp
--

INSERT INTO public.planet VALUES (1, 107267873, 2656903.2210251438, true, 38, 'DI');
INSERT INTO public.planet VALUES (2, 71062247, 1911222.0561095646, false, 25, '6XK');
INSERT INTO public.planet VALUES (3, 136609231, 3223918.3730253507, true, 64, 'FPD6JN4');
INSERT INTO public.planet VALUES (4, 41174800, 1235108.7506327028, false, 1, 'R8EB6');
INSERT INTO public.planet VALUES (5, 48535818, 1408801.7509682989, false, 19, 'O9R');
INSERT INTO public.planet VALUES (6, 14388839, 532623.8414683418, true, 64, 'W5EM6UN');
INSERT INTO public.planet VALUES (7, 83475162, 2173931.3047094475, false, 23, 'V');
INSERT INTO public.planet VALUES (8, 51710856, 1482058.6196487255, true, 20, '6IDWF');
INSERT INTO public.planet VALUES (9, 152494446, 3520490.8607931356, false, 45, 'NC6IUE');
INSERT INTO public.planet VALUES (10, 78255178, 2064478.9873515083, true, 37, 'G');
INSERT INTO public.planet VALUES (11, 79095477, 2082194.6180041838, true, 11, 'NIWZ3');
INSERT INTO public.planet VALUES (12, 50148150, 1446118.6696835763, true, 49, 'O');
INSERT INTO public.planet VALUES (13, 126569889, 3032943.4956023614, false, 58, 'PH97Q2YL');
INSERT INTO public.planet VALUES (14, 33870511, 1056470.5593304564, true, 37, '4');
INSERT INTO public.planet VALUES (15, 4592684, 213625.57850930744, false, 65, '2TJQ');
INSERT INTO public.planet VALUES (16, 84387728, 2192923.2672207644, false, 12, 'JXEF3HG');
INSERT INTO public.planet VALUES (17, 145278946, 3386586.27770957, true, 86, 'T7BCOGL7');
INSERT INTO public.planet VALUES (18, 118458088, 2876416.523125444, false, 19, 'PXR4R3');
INSERT INTO public.planet VALUES (19, 49170720, 1423525.5096112587, false, 55, 'E');
INSERT INTO public.planet VALUES (20, 51868907, 1485681.3690385323, false, 34, '76X6YQY');
INSERT INTO public.planet VALUES (21, 62082719, 1715444.1505477435, false, 18, 'QKBGO9F');
INSERT INTO public.planet VALUES (22, 10087421, 400888.9791753432, false, 43, '0');
INSERT INTO public.planet VALUES (23, 70207221, 1892803.0461930302, true, 38, 'YTMHZSWT');
INSERT INTO public.planet VALUES (24, 136588449, 3223526.0101348204, true, 17, 'DHF');
INSERT INTO public.planet VALUES (25, 92948307, 2369153.42888686, true, 31, 'M2EG');
INSERT INTO public.planet VALUES (26, 64517200, 1769051.2259662491, true, 28, 'LE');
INSERT INTO public.planet VALUES (27, 135966396, 3211776.1503455294, true, 38, '75Y2B');
INSERT INTO public.planet VALUES (28, 14920959, 548324.1696289367, false, 14, '1LDN9S');
INSERT INTO public.planet VALUES (29, 93597677, 2382385.6039129575, true, 77, '59XBBJA');
INSERT INTO public.planet VALUES (30, 60557722, 1681650.0477397921, true, 40, 'M');
INSERT INTO public.planet VALUES (31, 91135742, 2332120.502795793, false, 23, 'GOHIR2');
INSERT INTO public.planet VALUES (32, 124966665, 3002170.436139283, true, 72, 'AK');
INSERT INTO public.planet VALUES (33, 39721959, 1200119.5957694408, false, 61, '246JUNH');
INSERT INTO public.planet VALUES (34, 108313005, 2677592.506511786, true, 42, 'D3');
INSERT INTO public.planet VALUES (35, 149705420, 3468885.932939179, false, 57, 'JTBU');
INSERT INTO public.planet VALUES (36, 101994583, 2551888.4446912683, false, 84, 'DEKBMUV');
INSERT INTO public.planet VALUES (37, 144686209, 3375527.96328915, true, 33, 'H4');
INSERT INTO public.planet VALUES (38, 94564613, 2402054.847405206, false, 88, 'WZ');
INSERT INTO public.planet VALUES (39, 140446760, 3296168.311310747, true, 84, 'PDY0');
INSERT INTO public.planet VALUES (40, 37976607, 1157745.0378348886, true, 5, 'D42');
INSERT INTO public.planet VALUES (41, 135654029, 3205871.846882056, false, 12, 'HS3DU');
INSERT INTO public.planet VALUES (42, 29449956, 944643.0206690944, false, 15, '387');
INSERT INTO public.planet VALUES (43, 43276523, 1285292.2489592487, false, 10, '9BXRZ37A');
INSERT INTO public.planet VALUES (44, 19096435, 667977.5078741683, true, 66, '21EWPCG');
INSERT INTO public.planet VALUES (45, 130672304, 3111335.4614447653, true, 78, 'QFUPSF');
INSERT INTO public.planet VALUES (46, 11925889, 458345.11841107317, true, 84, '2');
INSERT INTO public.planet VALUES (47, 113006796, 2770024.7500754213, false, 10, 'O5GO');
INSERT INTO public.planet VALUES (48, 134457942, 3183238.419169926, true, 26, 'XKT');
INSERT INTO public.planet VALUES (49, 72886025, 1950362.8343200758, false, 62, 'QF');
INSERT INTO public.planet VALUES (50, 143846697, 3359850.2047436694, true, 58, 'EJ30I');
INSERT INTO public.planet VALUES (51, 49613221, 1433764.881614908, false, 21, 'KFIJRC');
INSERT INTO public.planet VALUES (52, 4591904, 213596.55307993136, true, 6, 'LEAPU');
INSERT INTO public.planet VALUES (53, 73317800, 1959600.4924034483, true, 46, 'FA');
INSERT INTO public.planet VALUES (54, 17206419, 614543.1688394295, true, 17, 'M12OPH');
INSERT INTO public.planet VALUES (55, 74505734, 1984959.9934454479, true, 61, 'TRRCZ');
INSERT INTO public.planet VALUES (56, 50866071, 1462657.2039315763, false, 29, 'SV47');
INSERT INTO public.planet VALUES (57, 103872103, 2589399.9755614647, true, 19, 'IF3');
INSERT INTO public.planet VALUES (58, 112251898, 2755211.575413502, false, 45, 'TL');
INSERT INTO public.planet VALUES (59, 123925116, 2982136.1493882136, false, 35, 'G2T7');
INSERT INTO public.planet VALUES (60, 146902414, 3416828.225125804, false, 42, 'Y3BBKN1');
INSERT INTO public.planet VALUES (61, 104332219, 2598572.0053906534, false, 3, 'MCDMTA');
INSERT INTO public.planet VALUES (62, 110706257, 2724819.4706189474, false, 68, 'OFQGS');
INSERT INTO public.planet VALUES (63, 29811303, 953904.2131541834, true, 69, 'B6HK');
INSERT INTO public.planet VALUES (64, 34576059, 1074039.843174446, false, 70, 'T1ZK9W');
INSERT INTO public.planet VALUES (65, 21362305, 730665.3106919267, false, 60, 'T');
INSERT INTO public.planet VALUES (66, 115020606, 2809444.914037354, false, 83, '2O4');
INSERT INTO public.planet VALUES (67, 92262940, 2355167.673038132, true, 79, '7F29');
INSERT INTO public.planet VALUES (68, 82107936, 2145399.169174057, true, 55, '88EY');
INSERT INTO public.planet VALUES (69, 6190139, 271244.11289428227, false, 41, 'LDKKV');
INSERT INTO public.planet VALUES (70, 53193568, 1515958.4479389512, false, 40, 'OETHS0');
INSERT INTO public.planet VALUES (71, 79563608, 2092047.6648968086, false, 30, 'JEY2');
INSERT INTO public.planet VALUES (72, 117264354, 2853203.921988581, true, 88, 'LKLK');
INSERT INTO public.planet VALUES (73, 98025721, 2472134.162902266, true, 58, 'OX1F1');
INSERT INTO public.planet VALUES (74, 2281497, 122060.71837904063, true, 66, '41R36');
INSERT INTO public.planet VALUES (75, 697391, 47291.28019610376, false, 70, 'BGVN');
INSERT INTO public.planet VALUES (76, 35645362, 1100531.3631549184, false, 26, 'HE9');
INSERT INTO public.planet VALUES (77, 75048504, 1996519.8462838258, false, 47, 'RPWXIJV5');
INSERT INTO public.planet VALUES (78, 34344791, 1068288.8665630105, true, 30, 'GXLG');
INSERT INTO public.planet VALUES (79, 6238716, 272945.6472309791, true, 18, '1W');
INSERT INTO public.planet VALUES (80, 68170386, 1848743.2548535592, true, 66, 'D8TBCR3');
INSERT INTO public.planet VALUES (81, 121000692, 2925703.311269622, true, 82, 'YMV6EP');
INSERT INTO public.planet VALUES (82, 47667408, 1388600.2196832576, true, 70, 'Z6O');
INSERT INTO public.planet VALUES (83, 68982374, 1866338.9040850587, true, 87, 'BFVVK');
INSERT INTO public.planet VALUES (84, 114276204, 2794889.5156104965, true, 78, 'AUR');
INSERT INTO public.planet VALUES (85, 61745595, 1707987.8776593902, true, 43, 'Q3EBF');
INSERT INTO public.planet VALUES (86, 114090992, 2791265.0968047786, true, 80, 'T');
INSERT INTO public.planet VALUES (87, 50443896, 1452937.380737763, false, 3, 'NI2FWBI5');
INSERT INTO public.planet VALUES (88, 32884095, 1031783.8251777085, true, 16, '3EVZ0R1');
INSERT INTO public.planet VALUES (89, 54670879, 1549547.327122838, true, 15, 'OPL78BW0');
INSERT INTO public.planet VALUES (90, 151750112, 3506737.165969973, false, 70, 'RUHYQ8K9');
INSERT INTO public.planet VALUES (91, 59609654, 1660555.0618114655, false, 15, '8');
INSERT INTO public.planet VALUES (92, 132901098, 3153717.987906043, false, 7, '8');
INSERT INTO public.planet VALUES (93, 136019088, 3212771.8572638934, false, 24, 'ELBVP');
INSERT INTO public.planet VALUES (94, 85330545, 2212501.7127063572, false, 48, 'WBIAGD');
INSERT INTO public.planet VALUES (95, 62199149, 1718017.384922855, true, 41, 'K5');
INSERT INTO public.planet VALUES (96, 31781781, 1004020.5099181698, true, 64, 'PFBGE');
INSERT INTO public.planet VALUES (97, 8145272, 337850.4278416129, true, 5, '7L');
INSERT INTO public.planet VALUES (98, 19807397, 687799.6096225211, true, 64, '0FI');
INSERT INTO public.planet VALUES (99, 95411915, 2419257.4665311333, false, 14, 'QWPL');
INSERT INTO public.planet VALUES (100, 83651170, 2177597.5324323387, true, 10, '363TBXDQ');
INSERT INTO public.planet VALUES (101, 110804085, 2726745.5774117447, true, 71, '7C5UJ');
INSERT INTO public.planet VALUES (102, 71793696, 1926943.8040657896, false, 17, 'BE');
INSERT INTO public.planet VALUES (103, 71554156, 1921798.6801132679, true, 70, 'NMWX');
INSERT INTO public.planet VALUES (104, 15993783, 579643.485730924, true, 61, 'DWY29ET');
INSERT INTO public.planet VALUES (105, 109037104, 2691903.248578558, false, 33, 'YGV1P');
INSERT INTO public.planet VALUES (106, 31216609, 989711.4160770271, false, 25, 'D89S3');
INSERT INTO public.planet VALUES (107, 82356308, 2150589.372379859, true, 7, '0ZXZL');
INSERT INTO public.planet VALUES (108, 140199781, 3291530.382388247, true, 81, 'KOUMS09');
INSERT INTO public.planet VALUES (109, 64149299, 1760976.3845913706, false, 84, '0PWL3F');
INSERT INTO public.planet VALUES (110, 55420514, 1566521.78736964, true, 14, '6');
INSERT INTO public.planet VALUES (111, 88223231, 2272303.65544063, false, 42, '1');
INSERT INTO public.planet VALUES (112, 41002845, 1230980.5563085019, false, 50, '1N');
INSERT INTO public.planet VALUES (113, 77493774, 2048393.7849990916, true, 58, 'QS');
INSERT INTO public.planet VALUES (114, 99253712, 2496878.4804763906, true, 48, 'Z0O');
INSERT INTO public.planet VALUES (115, 151387782, 3500037.2052104566, true, 23, 'CHLP');
INSERT INTO public.planet VALUES (116, 90326402, 2315537.2344209934, true, 39, 'B7GH');
INSERT INTO public.planet VALUES (117, 77346434, 2045277.480274093, true, 74, '9TLKJHZ');
INSERT INTO public.planet VALUES (118, 157521120, 3613025.5506941467, false, 19, 'LEE');
INSERT INTO public.planet VALUES (119, 140672210, 3300400.531029784, false, 74, '17EQ');
INSERT INTO public.planet VALUES (120, 61001454, 1691500.573642498, false, 53, '2QPJB');
INSERT INTO public.planet VALUES (121, 79461016, 2089889.3410249585, true, 30, 'K');
INSERT INTO public.planet VALUES (122, 39175172, 1186885.2414139125, true, 81, 'BLETS3R');
INSERT INTO public.planet VALUES (123, 108551110, 2682300.403845694, false, 1, 'YBK3');
INSERT INTO public.planet VALUES (124, 83679699, 2178191.6430614833, true, 53, 'MA32E');
INSERT INTO public.planet VALUES (125, 73652017, 1966743.4649648324, true, 34, '0RKDG');
INSERT INTO public.planet VALUES (126, 101166664, 2535303.4265834214, false, 11, '81');
INSERT INTO public.planet VALUES (127, 155530504, 3576452.5169405574, false, 25, '3WUBA7C');
INSERT INTO public.planet VALUES (128, 117617020, 2860066.541197372, true, 29, '4OLE9O');
INSERT INTO public.planet VALUES (129, 139167734, 3272132.223243373, true, 27, 'C1HD');
INSERT INTO public.planet VALUES (130, 90647530, 2322120.646058645, false, 9, 'FULF');
INSERT INTO public.planet VALUES (131, 120843563, 2922663.5100493985, true, 61, 'Z6D7BS');
INSERT INTO public.planet VALUES (132, 123297541, 2970048.438087452, false, 21, '3E9X');
INSERT INTO public.planet VALUES (133, 155285362, 3571942.1374268685, false, 42, '5');
INSERT INTO public.planet VALUES (134, 105200391, 2615856.3029690487, false, 45, 'AW');
INSERT INTO public.planet VALUES (135, 106731079, 2646261.2660045447, false, 87, '0X2P26J5');
INSERT INTO public.planet VALUES (136, 76820960, 2034153.7893309847, true, 70, 'JEQ986');
INSERT INTO public.planet VALUES (137, 74191319, 1978255.9186871436, false, 14, 'W2OH');
INSERT INTO public.planet VALUES (138, 78752443, 2074967.161894813, false, 30, 'NOF');
INSERT INTO public.planet VALUES (139, 63109659, 1738107.6331849506, false, 30, 'L1');
INSERT INTO public.planet VALUES (140, 114813796, 2805403.0236859685, true, 19, 'T1');
INSERT INTO public.planet VALUES (141, 66382602, 1809853.4798990074, false, 37, 'RGR');
INSERT INTO public.planet VALUES (142, 148182147, 3440619.9749465752, true, 72, 'EZGQ71');
INSERT INTO public.planet VALUES (143, 80969715, 2121573.5312818326, true, 61, '0L');
INSERT INTO public.planet VALUES (144, 128243794, 3064990.171885372, false, 39, 'OZIUE');
INSERT INTO public.planet VALUES (145, 5545398, 248396.90321930405, false, 80, 'NSXWN9K');
INSERT INTO public.planet VALUES (146, 15969434, 578937.4169178108, false, 38, 'Y');
INSERT INTO public.planet VALUES (147, 89590356, 2300429.9324409463, true, 14, '50JSX57');
INSERT INTO public.planet VALUES (148, 86899680, 2244990.6767807184, false, 37, 'C');
INSERT INTO public.planet VALUES (149, 127500366, 3050767.738708867, false, 47, 'KJ');
INSERT INTO public.planet VALUES (150, 99656801, 2504987.446051416, true, 1, 'K9PUJIZ');
INSERT INTO public.planet VALUES (151, 140171229, 3290994.109427575, false, 72, 'K4QYM1O');
INSERT INTO public.planet VALUES (152, 46580665, 1363215.6005616277, false, 46, 'CZQEG1');
INSERT INTO public.planet VALUES (153, 76190117, 2020779.4297504523, false, 59, 'UYL40CIL');
INSERT INTO public.planet VALUES (154, 3775467, 182631.86029920357, true, 36, 'OXGN3R87');
INSERT INTO public.planet VALUES (155, 74426235, 1983265.4212718601, true, 76, 'OGLV');
INSERT INTO public.planet VALUES (156, 116316706, 2834742.8975404827, false, 33, 'XGHWDD');
INSERT INTO public.planet VALUES (157, 20060586, 694824.1298491328, true, 27, 'K6MK');
INSERT INTO public.planet VALUES (158, 91275147, 2334973.9129016777, true, 76, 'PBKH');
INSERT INTO public.planet VALUES (159, 72101539, 1933550.982959137, true, 84, '6PE');
INSERT INTO public.planet VALUES (160, 133776322, 3170322.195039302, true, 60, 'K');
INSERT INTO public.planet VALUES (161, 118451910, 2876296.5104238302, true, 16, 'C');
INSERT INTO public.planet VALUES (162, 92125852, 2352367.734279493, true, 10, 'DPPR706G');
INSERT INTO public.planet VALUES (163, 128673074, 3073195.1639648043, false, 12, 'VW3');
INSERT INTO public.planet VALUES (164, 107781434, 2667074.6158227525, false, 72, 'XA9');
INSERT INTO public.planet VALUES (165, 98879703, 2489348.6264678426, false, 86, '8QNE94OM');
INSERT INTO public.planet VALUES (166, 150483917, 3483309.54370187, true, 30, '3J');
INSERT INTO public.planet VALUES (167, 74525243, 1985375.785020706, true, 22, 'HQ7O2');
INSERT INTO public.planet VALUES (168, 19424866, 677152.4049771976, false, 73, 'GDOI');
INSERT INTO public.planet VALUES (169, 112950903, 2768928.6556246527, true, 8, 'X9GV0AX7');
INSERT INTO public.planet VALUES (170, 34380212, 1069170.1870285845, false, 56, 'VW');
INSERT INTO public.planet VALUES (171, 145483919, 3390408.2265058183, false, 16, 'HUX3YMDL');
INSERT INTO public.planet VALUES (172, 7192498, 305846.7006308212, true, 73, 'GJJ27BS');
INSERT INTO public.planet VALUES (173, 21108257, 723705.5423151546, false, 80, 'GH302VL');
INSERT INTO public.planet VALUES (174, 65124062, 1782350.7978396537, true, 78, 'Y6F3X');
INSERT INTO public.planet VALUES (175, 115946679, 2827526.286562326, true, 85, 'ITDJEC2');
INSERT INTO public.planet VALUES (176, 54577794, 1547436.3065402508, false, 58, 'Q9PWU');
INSERT INTO public.planet VALUES (177, 22578606, 763761.3902830932, true, 88, 'Z5UZ');
INSERT INTO public.planet VALUES (178, 104606808, 2604041.8531386573, true, 84, 'EGVGT8Y');
INSERT INTO public.planet VALUES (179, 66095113, 1803580.2856677463, true, 31, '433FJ6WI');
INSERT INTO public.planet VALUES (180, 124465804, 2992540.5162267173, false, 70, '4B94XOP');
INSERT INTO public.planet VALUES (181, 127682255, 3054248.9646528773, true, 27, '3');
INSERT INTO public.planet VALUES (182, 38170948, 1162482.3209435015, false, 62, 'FP5MNM2');
INSERT INTO public.planet VALUES (183, 76365752, 2024505.24477927, false, 22, 'JEH21H');
INSERT INTO public.planet VALUES (184, 107544167, 2662376.6028390066, true, 14, 'O3');
INSERT INTO public.planet VALUES (185, 51220721, 1470809.9187057838, false, 15, 'GPVRW');
INSERT INTO public.planet VALUES (186, 69767901, 1883321.7664344716, false, 8, '45IX6P3');
INSERT INTO public.planet VALUES (187, 110176626, 2714385.8012435925, true, 86, '7LSAD');
INSERT INTO public.planet VALUES (188, 145576756, 3392138.920869688, true, 36, 'E4SP');
INSERT INTO public.planet VALUES (189, 48550507, 1409142.8312436666, false, 2, '3');
INSERT INTO public.planet VALUES (190, 92756160, 2365234.5202130037, false, 4, '5HC5ZSV');
INSERT INTO public.planet VALUES (191, 153604548, 3540978.2547771204, true, 35, 'FR5');
INSERT INTO public.planet VALUES (192, 82177352, 2146850.0636893674, true, 4, 'PVUSPB7');
INSERT INTO public.planet VALUES (193, 18009541, 637385.4061442118, false, 2, 'Y');
INSERT INTO public.planet VALUES (194, 61145063, 1694685.5150759271, false, 67, '1Z9YKOIC');
INSERT INTO public.planet VALUES (195, 113360820, 2776964.8524031583, false, 29, '8MW');
INSERT INTO public.planet VALUES (196, 88908838, 2286419.6684632935, false, 19, 'GGW8');
INSERT INTO public.planet VALUES (197, 78712900, 2074133.6177498207, true, 84, '3KSI1WE');
INSERT INTO public.planet VALUES (198, 128365139, 3067310.0412075375, false, 2, '376AM1');
INSERT INTO public.planet VALUES (199, 109218854, 2695492.27946752, true, 34, 'E1X48');
INSERT INTO public.planet VALUES (200, 119248159, 2891754.0091512594, true, 43, 'XCW3');
INSERT INTO public.planet VALUES (201, 48202617, 1401059.2248884507, true, 23, 'IOWL1');
INSERT INTO public.planet VALUES (202, 46176679, 1353749.0236048144, false, 55, '20GW3I47');
INSERT INTO public.planet VALUES (203, 54884352, 1554385.8453531438, false, 14, 'BFACP');
INSERT INTO public.planet VALUES (204, 77404866, 2046513.484281718, true, 69, 'Y4H7ULV');
INSERT INTO public.planet VALUES (205, 9393660, 378676.07728803257, true, 72, 'H5IW5K1');
INSERT INTO public.planet VALUES (206, 122616139, 2956910.022786111, false, 83, '38PKQ3J');
INSERT INTO public.planet VALUES (207, 66245022, 1806852.0755184707, true, 26, 'WF');
INSERT INTO public.planet VALUES (208, 11861447, 456362.6970769931, false, 51, 'AXUAI');
INSERT INTO public.planet VALUES (209, 35969903, 1108540.1141734696, true, 82, 'C9B07Z');
INSERT INTO public.planet VALUES (210, 28782908, 927486.7961149077, true, 17, 'O');
INSERT INTO public.planet VALUES (211, 63173641, 1739517.1965949216, true, 43, 'SS9JYFTF');
INSERT INTO public.planet VALUES (212, 30952057, 982995.6889727442, true, 26, 'J');
INSERT INTO public.planet VALUES (213, 7729589, 323985.1627499869, false, 2, 'OGWWPJ');
INSERT INTO public.planet VALUES (214, 151895836, 3509430.8929482778, true, 31, '53RKY');
INSERT INTO public.planet VALUES (215, 96092316, 2433049.410176971, false, 4, '5');
INSERT INTO public.planet VALUES (216, 67661220, 1837688.3385558957, false, 43, '3');
INSERT INTO public.planet VALUES (217, 110821571, 2727089.8182998146, true, 59, 'FD6V6XBG');
INSERT INTO public.planet VALUES (218, 70155992, 1891698.0489188482, false, 52, 'OHZH7');
INSERT INTO public.planet VALUES (219, 124801161, 2998989.1906086514, false, 88, 'DDJM');
INSERT INTO public.planet VALUES (220, 71141648, 1912930.2598371676, true, 11, 'CGFFHMUJ');
INSERT INTO public.planet VALUES (221, 41183586, 1235319.587046175, false, 74, 'TA');
INSERT INTO public.planet VALUES (222, 496207, 36018.88869763726, false, 27, 'ZGRM0X');
INSERT INTO public.planet VALUES (223, 108528768, 2681858.737691109, false, 18, 'JZGD');
INSERT INTO public.planet VALUES (224, 3567984, 174557.42170268547, false, 23, 'I3');
INSERT INTO public.planet VALUES (225, 54979157, 1556533.4609454202, true, 10, '79IWFFO');
INSERT INTO public.planet VALUES (226, 40253771, 1212956.5869959989, true, 10, 'SW');
INSERT INTO public.planet VALUES (227, 1460987, 85450.98657711415, false, 39, 'VQ2');
INSERT INTO public.planet VALUES (228, 126727927, 3035972.718485027, true, 75, 'VX');
INSERT INTO public.planet VALUES (229, 68233943, 1850122.0309602625, false, 57, 'Z');
INSERT INTO public.planet VALUES (230, 86651133, 2239852.3796228133, false, 23, 'P7');
INSERT INTO public.planet VALUES (231, 72895042, 1950555.8612178352, true, 56, 'F');
INSERT INTO public.planet VALUES (232, 11803082, 454565.3621716874, false, 22, 'I4BWAZVI');
INSERT INTO public.planet VALUES (233, 111342181, 2737333.921551519, true, 75, 'D');
INSERT INTO public.planet VALUES (234, 79636126, 2093572.9581182033, true, 71, 'Y31F4E3');
INSERT INTO public.planet VALUES (235, 47377116, 1381830.8879760113, true, 16, 'HV0');
INSERT INTO public.planet VALUES (236, 104499002, 2601894.6867351276, false, 7, 'JGRUIU');
INSERT INTO public.planet VALUES (237, 14109261, 524328.4388258825, false, 26, 'VN1N');
INSERT INTO public.planet VALUES (238, 26304398, 863023.6430167714, false, 66, 'TMHL4');
INSERT INTO public.planet VALUES (239, 100142547, 2514750.518418272, true, 80, 'WHG7');
INSERT INTO public.planet VALUES (240, 61971, 6819.4728295714585, false, 15, 'NS24NOXK');
INSERT INTO public.planet VALUES (241, 122523919, 2955130.767562324, false, 20, '1FS');
INSERT INTO public.planet VALUES (242, 152409573, 3518923.2692527575, true, 47, 'QF7U75F');
INSERT INTO public.planet VALUES (243, 140570973, 3298500.245529733, false, 77, 'QW8');
INSERT INTO public.planet VALUES (244, 112714151, 2764284.6065579355, true, 85, '1U2MA');
INSERT INTO public.planet VALUES (245, 76183169, 2020632.0037684615, true, 78, 'WDUKOO');
INSERT INTO public.planet VALUES (246, 149960119, 3473606.5185469566, false, 48, '8AVMOCEH');
INSERT INTO public.planet VALUES (247, 52640167, 1503328.2087256017, false, 64, '0RLYDPTZ');
INSERT INTO public.planet VALUES (248, 105338014, 2618593.5925762793, true, 13, 'JAEVK14');
INSERT INTO public.planet VALUES (249, 12967172, 490090.4244262357, false, 36, 'E0C');
INSERT INTO public.planet VALUES (250, 106084078, 2633420.214513601, false, 60, '1JD4Q');
INSERT INTO public.planet VALUES (251, 32027969, 1010237.5793316026, true, 21, 'TWYN98');
INSERT INTO public.planet VALUES (252, 18956470, 664057.9407505463, false, 55, '1LDA9JXV');
INSERT INTO public.planet VALUES (253, 42970348, 1278012.4856019747, false, 34, '0JJ5CQAP');
INSERT INTO public.planet VALUES (254, 53430937, 1521367.8425844477, true, 40, '1216GX');
INSERT INTO public.planet VALUES (255, 106695971, 2645564.8765531937, true, 43, 'SOIDDU0B');
INSERT INTO public.planet VALUES (256, 62818025, 1731679.1281162223, false, 34, '95POF');
INSERT INTO public.planet VALUES (257, 123781037, 2979362.1311081694, false, 64, '3YM8L3X2');
INSERT INTO public.planet VALUES (258, 144221054, 3366843.519014869, true, 13, 'WQ');
INSERT INTO public.planet VALUES (259, 7889568, 329338.5574956367, false, 36, '8');
INSERT INTO public.planet VALUES (260, 143399147, 3351484.802297949, false, 56, 'IJ');
INSERT INTO public.planet VALUES (261, 52742756, 1505671.5888980657, true, 40, 'SI3ZH');
INSERT INTO public.planet VALUES (262, 104624097, 2604386.1560490695, true, 17, 'V97GC00');
INSERT INTO public.planet VALUES (263, 104687491, 2605648.5226297705, true, 68, 'T');
INSERT INTO public.planet VALUES (264, 33622549, 1050278.5795790004, false, 34, '5K');
INSERT INTO public.planet VALUES (265, 128936364, 3078224.8168605817, false, 55, 'J4561R7U');
INSERT INTO public.planet VALUES (266, 79858860, 2098256.054861453, false, 18, 'NF');
INSERT INTO public.planet VALUES (267, 10020991, 398775.56374870904, false, 44, '7');
INSERT INTO public.planet VALUES (268, 66033542, 1802236.0581108218, false, 75, 'YVCB3');
INSERT INTO public.planet VALUES (269, 99375514, 2499329.4718464874, false, 84, '2');
INSERT INTO public.planet VALUES (270, 150309972, 3480088.073342533, false, 30, '9UY');
INSERT INTO public.planet VALUES (271, 151938570, 3510220.738436751, true, 78, 'TFI0J7P');
INSERT INTO public.planet VALUES (272, 130481978, 3107709.5709367977, false, 21, '2KJ');
INSERT INTO public.planet VALUES (273, 101881755, 2549629.843689339, true, 70, 'B7RFQMB');
INSERT INTO public.planet VALUES (274, 134324622, 3180713.1302285944, false, 8, '5FQ');
INSERT INTO public.planet VALUES (275, 58959965, 1646060.4250427936, true, 22, '9QL0');
INSERT INTO public.planet VALUES (276, 81189496, 2126179.254533957, true, 67, 'YD1QB');
INSERT INTO public.planet VALUES (277, 149489928, 3464890.7545142956, true, 30, '6UF');
INSERT INTO public.planet VALUES (278, 82250169, 2148371.7806111816, false, 8, 'J');
INSERT INTO public.planet VALUES (279, 5676577, 253086.64376423467, true, 84, 'TD60');
INSERT INTO public.planet VALUES (280, 49000577, 1419583.5404837981, true, 85, 'ERXM');
INSERT INTO public.planet VALUES (281, 20137998, 696968.314522912, false, 28, 'FWEB6');
INSERT INTO public.planet VALUES (282, 5823033, 258297.0231882076, true, 35, 'P');
INSERT INTO public.planet VALUES (283, 12879728, 487444.7006023805, false, 64, 'SCNWMAT7');
INSERT INTO public.planet VALUES (284, 47358816, 1381403.8719936586, true, 54, 'P');
INSERT INTO public.planet VALUES (285, 132661574, 3149170.0803325414, true, 29, 'MT23');
INSERT INTO public.planet VALUES (286, 48774112, 1414332.4212177247, false, 37, '14961TWB');
INSERT INTO public.planet VALUES (287, 23914566, 799705.3528423542, false, 77, 'FMSQ2');
INSERT INTO public.planet VALUES (288, 14374816, 532208.5355595773, true, 35, 'FC0P');
INSERT INTO public.planet VALUES (289, 58872305, 1644102.2811015777, false, 44, 'TGUGOHJZ');
INSERT INTO public.planet VALUES (290, 37451581, 1144922.5911010976, false, 59, 'LNNXJ');
INSERT INTO public.planet VALUES (291, 142038763, 3326024.968423771, false, 78, 'E');
INSERT INTO public.planet VALUES (292, 16397903, 591331.0045659185, true, 22, 'YZ');
INSERT INTO public.planet VALUES (293, 136562501, 3223036.0967188724, false, 10, 'KAK');
INSERT INTO public.planet VALUES (294, 106775250, 2647137.3607340553, false, 54, 'NRPR4XM4');
INSERT INTO public.planet VALUES (295, 144603799, 3373989.7760115243, false, 31, 'ZC2QU0K');
INSERT INTO public.planet VALUES (296, 122514399, 2954947.077300156, true, 37, 'P3SGMJOU');
INSERT INTO public.planet VALUES (297, 77647541, 2051644.7601570252, true, 34, 'H');
INSERT INTO public.planet VALUES (298, 95620324, 2423484.0664792233, false, 40, 'FEG7ZATT');
INSERT INTO public.planet VALUES (299, 48360138, 1404720.8389139753, false, 44, 'U');
INSERT INTO public.planet VALUES (300, 13255251, 498781.53188938985, true, 26, 'WYK4LFXX');
INSERT INTO public.planet VALUES (301, 98854625, 2488843.532164965, false, 36, 'GM8CWGYG');
INSERT INTO public.planet VALUES (302, 7335287, 310694.5881597892, true, 36, '993DEEM');
INSERT INTO public.planet VALUES (303, 34968664, 1083785.2400381875, true, 13, 'BRDPAZY');
INSERT INTO public.planet VALUES (304, 15847997, 575412.7811282274, false, 42, '9E');
INSERT INTO public.planet VALUES (305, 20485053, 706561.0187077983, true, 12, 'VWM3');
INSERT INTO public.planet VALUES (306, 101909938, 2550194.0603570617, false, 81, 'I1PU');
INSERT INTO public.planet VALUES (307, 85151894, 2208795.199714549, true, 82, 'BZ3M');
INSERT INTO public.planet VALUES (308, 127893044, 3058282.0755697866, false, 88, 'X11');
INSERT INTO public.planet VALUES (309, 77208787, 2042365.1138586847, true, 54, 'C5L');
INSERT INTO public.planet VALUES (310, 22983737, 774705.2779301003, true, 70, '0UI');
INSERT INTO public.planet VALUES (311, 23799628, 796629.0420834052, true, 30, 'O67');
INSERT INTO public.planet VALUES (312, 37819908, 1153921.7901190047, false, 55, 'JM6L');
INSERT INTO public.planet VALUES (313, 45948031, 1348383.7944818304, true, 78, 'GCD');
INSERT INTO public.planet VALUES (314, 97378689, 2459071.3993938924, false, 63, 'Z74W8G');
INSERT INTO public.planet VALUES (315, 33619345, 1050198.511297747, true, 49, 'ULJ');
INSERT INTO public.planet VALUES (316, 81369383, 2129947.104901209, true, 67, '62F5');
INSERT INTO public.planet VALUES (317, 54952465, 1555928.8826160869, true, 50, 'J5OXNG');
INSERT INTO public.planet VALUES (318, 84396665, 2193109.056772493, true, 28, 'OG');
INSERT INTO public.planet VALUES (319, 33678973, 1051688.3710928166, false, 46, 'P07C0G');
INSERT INTO public.planet VALUES (320, 16530602, 595156.1637727978, true, 83, 'VL9');
INSERT INTO public.planet VALUES (321, 78283228, 2065070.9641298351, false, 75, '5DYFZ');
INSERT INTO public.planet VALUES (322, 149679522, 3468405.850055766, false, 69, 'HQVI7');
INSERT INTO public.planet VALUES (323, 99172378, 2495241.4816596056, true, 12, '7Y');
INSERT INTO public.planet VALUES (324, 41546212, 1244013.6517207713, false, 12, '3KF');
INSERT INTO public.planet VALUES (325, 140976520, 3306110.9854705944, false, 52, 'HBEX0');
INSERT INTO public.planet VALUES (326, 86464627, 2235994.741430069, true, 13, '8N1YMJM');
INSERT INTO public.planet VALUES (327, 157305420, 3609067.0395483803, true, 31, 'WBCM5W');
INSERT INTO public.planet VALUES (328, 141836963, 3322244.100511258, true, 65, 'XYYI');
INSERT INTO public.planet VALUES (329, 112254474, 2755262.1574266874, false, 11, '2KM');
INSERT INTO public.planet VALUES (330, 119475109, 2896155.9807753325, true, 75, 'WPIO');
INSERT INTO public.planet VALUES (331, 10609462, 417402.1572598988, false, 3, 'K789LJH');
INSERT INTO public.planet VALUES (332, 76434104, 2025954.7594901207, true, 76, 'VETR');
INSERT INTO public.planet VALUES (333, 56701838, 1595429.8359493122, false, 44, 'ES8HBP');
INSERT INTO public.planet VALUES (334, 119760867, 2901696.2275649915, true, 73, 'UP');
INSERT INTO public.planet VALUES (335, 85877543, 2223840.7725255415, false, 63, 'BKCW5F7T');
INSERT INTO public.planet VALUES (336, 125851722, 3019168.347869115, true, 13, 'C0EFIF4K');
INSERT INTO public.planet VALUES (337, 130434813, 3106810.8695336394, false, 9, 'W0UR');
INSERT INTO public.planet VALUES (338, 80676986, 2115435.2268577577, true, 63, '8O');
INSERT INTO public.planet VALUES (339, 119080838, 2888507.5415797657, true, 33, 'ZX30');
INSERT INTO public.planet VALUES (340, 55362588, 1565211.7767192065, true, 79, 'XPE');
INSERT INTO public.planet VALUES (341, 145708331, 3394591.4022468147, false, 61, 'S7X530R');
INSERT INTO public.planet VALUES (342, 115885120, 2826325.2590872524, false, 5, '2Q');
INSERT INTO public.planet VALUES (343, 137497253, 3240673.0489461855, true, 30, '25WD5');
INSERT INTO public.planet VALUES (344, 75386517, 2003710.3561616035, true, 64, 'WKX');
INSERT INTO public.planet VALUES (345, 152648008, 3523326.684464548, false, 30, '8');
INSERT INTO public.planet VALUES (346, 89490781, 2298384.258852946, true, 21, 'SCW');
INSERT INTO public.planet VALUES (347, 156283978, 3590306.833350159, false, 4, 'IVVTUK');
INSERT INTO public.planet VALUES (348, 13021402, 491729.42526620463, true, 43, '9RWX9VU');
INSERT INTO public.planet VALUES (349, 29909883, 956426.8757190625, false, 68, 'F');
INSERT INTO public.planet VALUES (350, 12769499, 484104.46332692594, true, 18, 'B3TOG');
INSERT INTO public.planet VALUES (351, 28517834, 920647.1845115094, false, 73, 'OKACOR');
INSERT INTO public.planet VALUES (352, 151378308, 3499861.975428693, true, 56, 'X83');
INSERT INTO public.planet VALUES (353, 49243011, 1425199.562167997, false, 82, 'CDT8M3');
INSERT INTO public.planet VALUES (354, 121535675, 2936047.1247050227, true, 78, 'LXFOLZ7');
INSERT INTO public.planet VALUES (355, 74316477, 1980925.2640227906, false, 37, 'D0DA2Z');
INSERT INTO public.planet VALUES (356, 142776895, 3339845.2650390877, false, 17, 'TYWQ0YF');
INSERT INTO public.planet VALUES (357, 43793286, 1297555.7505147832, false, 46, 'GWG1LZ');
INSERT INTO public.planet VALUES (358, 11156215, 434523.73132607975, false, 29, 'E');
INSERT INTO public.planet VALUES (359, 30036187, 959656.567101116, true, 67, 'A0Q2B');
INSERT INTO public.planet VALUES (360, 56307023, 1586536.445845202, true, 48, '8');
INSERT INTO public.planet VALUES (361, 137379991, 3238461.8616585857, false, 27, '1W0');
INSERT INTO public.planet VALUES (362, 95143189, 2413804.8922442775, true, 33, '6LU1EBK');
INSERT INTO public.planet VALUES (363, 49752277, 1436978.8280179305, true, 83, 'ZUCW');
INSERT INTO public.planet VALUES (364, 114672236, 2802635.538560352, true, 59, 'W6J50');
INSERT INTO public.planet VALUES (365, 4278498, 201852.00454762278, true, 55, 'VWKH');
INSERT INTO public.planet VALUES (366, 43584478, 1292603.9512205238, false, 85, 'IA3L9VJA');
INSERT INTO public.planet VALUES (367, 149999347, 3474333.426865264, false, 44, 'TLLK7YMQ');
INSERT INTO public.planet VALUES (368, 16431944, 592312.8532053181, false, 14, 'H');
INSERT INTO public.planet VALUES (369, 61300999, 1698142.1494111675, true, 19, 'AU3SPBPI');
INSERT INTO public.planet VALUES (370, 100710488, 2526153.63769594, false, 76, '7M2RRZ06');
INSERT INTO public.planet VALUES (371, 121923560, 2943541.1260176017, true, 49, '0U2');
INSERT INTO public.planet VALUES (372, 76550395, 2028420.302685045, false, 36, 'CTW');
INSERT INTO public.planet VALUES (373, 61716028, 1707333.547629878, true, 21, '41K3TB6');
INSERT INTO public.planet VALUES (374, 116073273, 2829995.75822681, true, 6, 'MDARZQ3');
INSERT INTO public.planet VALUES (375, 52237731, 1494126.7587221034, true, 83, 'P5J');
INSERT INTO public.planet VALUES (376, 105986590, 2631484.0108849453, false, 10, 'E0GE');
INSERT INTO public.planet VALUES (377, 106372642, 2639149.2837810516, true, 46, 'X4UL7K');
INSERT INTO public.planet VALUES (378, 56675306, 1594832.5794655043, false, 28, 'OREDK0MC');
INSERT INTO public.planet VALUES (379, 33918618, 1057670.810834392, false, 86, 'J8II');
INSERT INTO public.planet VALUES (380, 72364628, 1939193.1443390716, true, 24, '26');
INSERT INTO public.planet VALUES (381, 135379545, 3200681.3561547073, false, 64, '5E1');
INSERT INTO public.planet VALUES (382, 31332100, 992639.6145988826, false, 20, 'W9');
INSERT INTO public.planet VALUES (383, 67058397, 1824578.4204128738, false, 9, '6KB');
INSERT INTO public.planet VALUES (384, 34520813, 1072666.733715659, false, 55, 'JHABVHZ');
INSERT INTO public.planet VALUES (385, 61639082, 1705630.4065978841, false, 35, 'G');
INSERT INTO public.planet VALUES (386, 92853761, 2367225.331164452, true, 5, 'R31B3R0P');
INSERT INTO public.planet VALUES (387, 29566650, 947636.3171476923, false, 27, 'FZF');
INSERT INTO public.planet VALUES (388, 105285749, 2617554.1381129515, false, 60, 'EQVIM');
INSERT INTO public.planet VALUES (389, 31404762, 994480.8054088542, true, 16, 'YECVG5E');
INSERT INTO public.planet VALUES (390, 93307773, 2376480.5231398023, false, 46, 'EOOYZ6B');
INSERT INTO public.planet VALUES (391, 20631032, 710586.1888111358, false, 87, 'DWX');
INSERT INTO public.planet VALUES (392, 26547363, 869394.9448115621, true, 47, 'NA');
INSERT INTO public.planet VALUES (393, 15129955, 554459.857569909, false, 51, '6KIB');
INSERT INTO public.planet VALUES (394, 67750922, 1839637.1355377636, true, 82, 'KOZ');
INSERT INTO public.planet VALUES (395, 18510369, 651526.4645130238, false, 78, 'UZXKXNP');
INSERT INTO public.planet VALUES (396, 25852309, 851137.0005831422, false, 63, '3D');
INSERT INTO public.planet VALUES (397, 106535622, 2642383.6694646375, true, 13, 'T0NGLO');
INSERT INTO public.planet VALUES (398, 11723781, 452120.45686788694, false, 34, '5U8VZ');
INSERT INTO public.planet VALUES (399, 77341684, 2045176.9959756706, true, 37, '20ROQR');
INSERT INTO public.planet VALUES (400, 87917924, 2266010.6134129916, true, 42, 'I97J70');


--
-- Data for Name: star; Type: TABLE DATA; Schema: public; Owner: freecodecamp
--

INSERT INTO public.star VALUES (1, 5, 3.623898318388478, 'Andromeda', 3);
INSERT INTO public.star VALUES (2, 10, 6.309573444801933, 'Antlia', 3);
INSERT INTO public.star VALUES (3, 2, 1.7411011265922482, 'Apus', 7);
INSERT INTO public.star VALUES (4, 14, 8.258523872989459, 'Aquarius', 7);
INSERT INTO public.star VALUES (5, 6, 4.192962712629476, 'Aquila', 1);
INSERT INTO public.star VALUES (6, 9, 5.799546134795289, 'Ara', 7);
INSERT INTO public.star VALUES (7, 13, 7.783137122039472, 'Aries', 3);
INSERT INTO public.star VALUES (8, 1, 1.0, 'Auriga', 8);
INSERT INTO public.star VALUES (9, 12, 7.30037210271847, 'Botes', 7);
INSERT INTO public.star VALUES (10, 14, 8.258523872989459, 'Caelum', 8);
INSERT INTO public.star VALUES (11, 3, 2.4082246852806923, 'Camelopardalis', 4);
INSERT INTO public.star VALUES (12, 6, 4.192962712629476, 'Cancer', 7);
INSERT INTO public.star VALUES (13, 1, 1.0, 'Canes Venatici', 6);
INSERT INTO public.star VALUES (14, 1, 1.0, 'Canis Major', 1);
INSERT INTO public.star VALUES (15, 7, 4.743276393803367, 'Canis Minor', 6);
INSERT INTO public.star VALUES (16, 1, 1.0, 'Capricornus', 7);
INSERT INTO public.star VALUES (17, 7, 4.743276393803367, 'Carina', 3);
INSERT INTO public.star VALUES (18, 2, 1.7411011265922482, 'Cassiopeia', 1);
INSERT INTO public.star VALUES (19, 5, 3.623898318388478, 'Centaurus', 3);
INSERT INTO public.star VALUES (20, 11, 6.809483127522302, 'Cepheus', 6);
INSERT INTO public.star VALUES (21, 5, 3.623898318388478, 'Cetus', 8);
INSERT INTO public.star VALUES (22, 6, 4.192962712629476, 'Chamaeleon', 3);
INSERT INTO public.star VALUES (23, 15, 8.727161387290321, 'Circinus', 8);
INSERT INTO public.star VALUES (24, 5, 3.623898318388478, 'Columba', 5);
INSERT INTO public.star VALUES (25, 2, 1.7411011265922482, 'Coma Berenices', 4);
INSERT INTO public.star VALUES (26, 16, 9.18958683997628, 'Corona Australis', 3);
INSERT INTO public.star VALUES (27, 13, 7.783137122039472, 'Corona Borealis', 2);
INSERT INTO public.star VALUES (28, 17, 9.646263856416864, 'Corvus', 1);
INSERT INTO public.star VALUES (29, 2, 1.7411011265922482, 'Crater', 6);
INSERT INTO public.star VALUES (30, 17, 9.646263856416864, 'Crux', 4);
INSERT INTO public.star VALUES (31, 3, 2.4082246852806923, 'Cygnus', 8);
INSERT INTO public.star VALUES (32, 14, 8.258523872989459, 'Delphinus', 7);
INSERT INTO public.star VALUES (33, 9, 5.799546134795289, 'Dorado', 3);
INSERT INTO public.star VALUES (34, 9, 5.799546134795289, 'Draco', 5);
INSERT INTO public.star VALUES (35, 11, 6.809483127522302, 'Equuleus', 1);
INSERT INTO public.star VALUES (36, 8, 5.278031643091578, 'Eridanus', 8);
INSERT INTO public.star VALUES (37, 15, 8.727161387290321, 'Fornax', 7);
INSERT INTO public.star VALUES (38, 3, 2.4082246852806923, 'Gemini', 4);
INSERT INTO public.star VALUES (39, 8, 5.278031643091578, 'Grus', 2);
INSERT INTO public.star VALUES (40, 11, 6.809483127522302, 'Hercules', 7);
INSERT INTO public.star VALUES (41, 10, 6.309573444801933, 'Horologium', 1);
INSERT INTO public.star VALUES (42, 12, 7.30037210271847, 'Hydra', 4);
INSERT INTO public.star VALUES (43, 4, 3.0314331330207964, 'Hydrus', 7);
INSERT INTO public.star VALUES (44, 3, 2.4082246852806923, 'Indus', 1);
INSERT INTO public.star VALUES (45, 9, 5.799546134795289, 'Lacerta', 7);
INSERT INTO public.star VALUES (46, 12, 7.30037210271847, 'Leo', 2);
INSERT INTO public.star VALUES (47, 17, 9.646263856416864, 'Leo Minor', 6);
INSERT INTO public.star VALUES (48, 1, 1.0, 'Lepus', 2);
INSERT INTO public.star VALUES (49, 16, 9.18958683997628, 'Libra', 4);
INSERT INTO public.star VALUES (50, 8, 5.278031643091578, 'Lupus', 5);
INSERT INTO public.star VALUES (51, 5, 3.623898318388478, 'Lynx', 6);
INSERT INTO public.star VALUES (52, 6, 4.192962712629476, 'Lyra', 6);
INSERT INTO public.star VALUES (53, 2, 1.7411011265922482, 'Mensa', 5);
INSERT INTO public.star VALUES (54, 16, 9.18958683997628, 'Microscopium', 3);
INSERT INTO public.star VALUES (55, 10, 6.309573444801933, 'Monoceros', 3);
INSERT INTO public.star VALUES (56, 17, 9.646263856416864, 'Musca', 3);
INSERT INTO public.star VALUES (57, 13, 7.783137122039472, 'Norma', 6);
INSERT INTO public.star VALUES (58, 14, 8.258523872989459, 'Octans', 1);
INSERT INTO public.star VALUES (59, 13, 7.783137122039472, 'Ophiuchus', 7);
INSERT INTO public.star VALUES (60, 1, 1.0, 'Orion', 5);
INSERT INTO public.star VALUES (61, 2, 1.7411011265922482, 'Pavo', 7);
INSERT INTO public.star VALUES (62, 6, 4.192962712629476, 'Pegasus', 2);
INSERT INTO public.star VALUES (63, 7, 4.743276393803367, 'Perseus', 1);
INSERT INTO public.star VALUES (64, 6, 4.192962712629476, 'Phoenix', 4);
INSERT INTO public.star VALUES (65, 5, 3.623898318388478, 'Pictor', 1);
INSERT INTO public.star VALUES (66, 7, 4.743276393803367, 'Pisces', 8);
INSERT INTO public.star VALUES (67, 5, 3.623898318388478, 'Piscis Austrinus', 3);
INSERT INTO public.star VALUES (68, 14, 8.258523872989459, 'Puppis', 2);
INSERT INTO public.star VALUES (69, 15, 8.727161387290321, 'Pyxis', 3);
INSERT INTO public.star VALUES (70, 2, 1.7411011265922482, 'Reticulum', 7);
INSERT INTO public.star VALUES (71, 5, 3.623898318388478, 'Sagitta', 8);
INSERT INTO public.star VALUES (72, 15, 8.727161387290321, 'Sagittarius', 3);
INSERT INTO public.star VALUES (73, 11, 6.809483127522302, 'Scorpius', 7);
INSERT INTO public.star VALUES (74, 10, 6.309573444801933, 'Sculptor', 6);
INSERT INTO public.star VALUES (75, 12, 7.30037210271847, 'Scutum', 5);
INSERT INTO public.star VALUES (76, 2, 1.7411011265922482, 'Serpens', 8);
INSERT INTO public.star VALUES (77, 10, 6.309573444801933, 'Sextans', 5);
INSERT INTO public.star VALUES (78, 3, 2.4082246852806923, 'Taurus', 2);
INSERT INTO public.star VALUES (79, 1, 1.0, 'Telescopium', 4);
INSERT INTO public.star VALUES (80, 17, 9.646263856416864, 'Triangulum', 4);
INSERT INTO public.star VALUES (81, 16, 9.18958683997628, 'Triangulum Australe', 5);
INSERT INTO public.star VALUES (82, 16, 9.18958683997628, 'Tucana', 1);
INSERT INTO public.star VALUES (83, 17, 9.646263856416864, 'Ursa Major', 2);
INSERT INTO public.star VALUES (84, 16, 9.18958683997628, 'Ursa Minor', 2);
INSERT INTO public.star VALUES (85, 6, 4.192962712629476, 'Vela', 8);
INSERT INTO public.star VALUES (86, 15, 8.727161387290321, 'Virgo', 7);
INSERT INTO public.star VALUES (87, 4, 3.0314331330207964, 'Volans', 7);
INSERT INTO public.star VALUES (88, 11, 6.809483127522302, 'Vulpecula', 7);


--
-- Data for Name: why; Type: TABLE DATA; Schema: public; Owner: freecodecamp
--

INSERT INTO public.why VALUES (1, NULL, NULL, true);
INSERT INTO public.why VALUES (2, NULL, NULL, true);
INSERT INTO public.why VALUES (3, NULL, NULL, true);
INSERT INTO public.why VALUES (4, NULL, NULL, true);
INSERT INTO public.why VALUES (5, NULL, NULL, false);
INSERT INTO public.why VALUES (6, NULL, NULL, true);


--
-- Name: galaxy_galaxy_id_seq; Type: SEQUENCE SET; Schema: public; Owner: freecodecamp
--

SELECT pg_catalog.setval('public.galaxy_galaxy_id_seq', 8, true);


--
-- Name: moon_moon_id_seq; Type: SEQUENCE SET; Schema: public; Owner: freecodecamp
--

SELECT pg_catalog.setval('public.moon_moon_id_seq', 1057, true);


--
-- Name: planet_planet_id_seq; Type: SEQUENCE SET; Schema: public; Owner: freecodecamp
--

SELECT pg_catalog.setval('public.planet_planet_id_seq', 400, true);


--
-- Name: star_star_id_seq; Type: SEQUENCE SET; Schema: public; Owner: freecodecamp
--

SELECT pg_catalog.setval('public.star_star_id_seq', 88, true);


--
-- Name: why_why_id_seq; Type: SEQUENCE SET; Schema: public; Owner: freecodecamp
--

SELECT pg_catalog.setval('public.why_why_id_seq', 6, true);


--
-- Name: galaxy galaxy_pkey; Type: CONSTRAINT; Schema: public; Owner: freecodecamp
--

ALTER TABLE ONLY public.galaxy
    ADD CONSTRAINT galaxy_pkey PRIMARY KEY (galaxy_id);


--
-- Name: moon moon_pkey; Type: CONSTRAINT; Schema: public; Owner: freecodecamp
--

ALTER TABLE ONLY public.moon
    ADD CONSTRAINT moon_pkey PRIMARY KEY (moon_id);


--
-- Name: planet planet_pkey; Type: CONSTRAINT; Schema: public; Owner: freecodecamp
--

ALTER TABLE ONLY public.planet
    ADD CONSTRAINT planet_pkey PRIMARY KEY (planet_id);


--
-- Name: star star_pkey; Type: CONSTRAINT; Schema: public; Owner: freecodecamp
--

ALTER TABLE ONLY public.star
    ADD CONSTRAINT star_pkey PRIMARY KEY (star_id);


--
-- Name: why why_pkey; Type: CONSTRAINT; Schema: public; Owner: freecodecamp
--

ALTER TABLE ONLY public.why
    ADD CONSTRAINT why_pkey PRIMARY KEY (why_id);


--
-- Name: galaxyid; Type: INDEX; Schema: public; Owner: freecodecamp
--

CREATE UNIQUE INDEX galaxyid ON public.galaxy USING btree (galaxy_id);


--
-- Name: moonid; Type: INDEX; Schema: public; Owner: freecodecamp
--

CREATE UNIQUE INDEX moonid ON public.moon USING btree (moon_id);


--
-- Name: planetid; Type: INDEX; Schema: public; Owner: freecodecamp
--

CREATE UNIQUE INDEX planetid ON public.planet USING btree (planet_id);


--
-- Name: starid; Type: INDEX; Schema: public; Owner: freecodecamp
--

CREATE UNIQUE INDEX starid ON public.star USING btree (star_id);


--
-- Name: whyid; Type: INDEX; Schema: public; Owner: freecodecamp
--

CREATE UNIQUE INDEX whyid ON public.why USING btree (why_id);


--
-- Name: star galaxy_id; Type: FK CONSTRAINT; Schema: public; Owner: freecodecamp
--

ALTER TABLE ONLY public.star
    ADD CONSTRAINT galaxy_id FOREIGN KEY (galaxy_id) REFERENCES public.galaxy(galaxy_id) ON DELETE CASCADE;


--
-- Name: moon planet_id; Type: FK CONSTRAINT; Schema: public; Owner: freecodecamp
--

ALTER TABLE ONLY public.moon
    ADD CONSTRAINT planet_id FOREIGN KEY (planet_id) REFERENCES public.planet(planet_id) ON DELETE CASCADE;


--
-- Name: planet star_id; Type: FK CONSTRAINT; Schema: public; Owner: freecodecamp
--

ALTER TABLE ONLY public.planet
    ADD CONSTRAINT star_id FOREIGN KEY (star_id) REFERENCES public.star(star_id) ON DELETE CASCADE;


--
-- PostgreSQL database dump complete
--

